[Video]|[en]|[fi]|pt|ru|zh|ja|ko|de|fr|sp|pl
options_desc_fullscreen|Switch to Fullscreen or Windowed.|Vaihda koko näyttöön tai ikkunaan.|Muda para Tela Cheia ou Em Janela| Переключиться в полноэкранный или оконный режим.|切換到全螢幕或視窗。|全画面表示またはウィンドウ表示に切り替えます。|전체 화면 또는 창 모드로 전환.|Wechseln Sie zu Vollbild oder Fenster.|Passer de plein écran à fenêtré (ou l'inverse).
options_desc_window_size|Size of the game window on Windowed.|Peli-ikkunan koko Windowed-tilassa.|Tamanho da Janela do Jogo no modo Em Janela| Размер окна игры в оконном режиме.|視窗化上遊戲視窗的大小。|Windowed でのゲーム ウィンドウのサイズ。|창 모드에서 게임 창 크기.|Größe des Spielfensters im Fenstermodus.|Taille de la fenêtre de jeu en mode fenêtré.
options_desc_aspect_ratio|Aspect Ratio of the game.|Pelin kuvasuhde.|Proporção da Imagem do Jogo| Соотношение сторон игры.|遊戲的寬高比。|ゲームのアスペクト比。|게임의 화면 비율.|Seitenverhältnis des Spiels.|Rapport hauteur/largeur du jeu.
options_desc_vsync|Vertical sync synchronizes the refresh rate and frame rate of a monitor fixing screen tearing.|Pystysynkronointi synkronoi näytön virkistystaajuuden ja kuvataajuuden korjaamalla näytön repeytymistä.|A sincronização vertical sincroniza a taxa de atualização e a taxa de quadros de um monitor, corrigindo o screen tearing.| Вертикальная синхронизация синхронизирует частоту обновления и частоту кадров монитора, устраняя разрывы изображения на экране.|垂直同步同步顯示器的更新頻率和幀率， 解決螢幕撕裂問題。|垂直同期は、モニターのリフレッシュ レートとフレーム レートを同期し、画面のティアリングを修正します。|수직 동기화는 모니터의 새로 고침률과 프레임 속도를 동기화하여 화면 찢어짐을 수정합니다.|Die vertikale Synchronisierung synchronisiert die Bildwiederholfrequenz und die Bildfrequenz eines Monitors und behebt so das Screen Tearing.|La synchronisation verticale synchronise la fréquence de rafraîchissement et la fréquence d'images d'un moniteur, ce qui évite le déchirement de l'écran.
options_desc_framerate|Framerate determines how many frames per second your monitor draws improving the smoothness of the game. Additionally also due to game engine limitations this also determines how many times code is ran in the games step loop, this might cause slowdowns on lower end devices/hardware.|Framerate määrittää, kuinka monta kuvaa sekunnissa näyttösi piirtää, mikä parantaa pelin sujuvuutta. Lisäksi pelimoottorin rajoituksista johtuen tämä määrittää myös kuinka monta kertaa koodia ajetaan pelien askelsilmukassa, mikä saattaa aiheuttaa hidastuksia alemmissa laitteissa/laitteistoissa.|A taxa de quadros determina quantos quadros por segundo seu monitor desenha, melhorando a suavidade do jogo. Além disso, devido às limitações da engine de jogo, isso também determina quantas vezes o código é executado no loop de etapas do jogo, o que pode causar lentidão em dispositivos/hardware de baixo custo.| Частота кадров определяет, сколько кадров в секунду отрисовывает ваш монитор, улучшая плавность игры. Кроме того, из-за ограничений игрового движка это также определяет, сколько раз код запускается в игровом цикле|幀率決定顯示器每秒繪製多少幀，提高遊戲的流暢度。  此外，也由於遊戲引擎的限制，這還決定了遊戲中的代碼運行次數，這可能會導致低端設備/硬體的性能下降。|フレームレートは、モニターが 1 秒あたりに描画するフレーム数を決定し、ゲームのスムーズさを向上させます。さらに、ゲーム エンジンの制限により、ゲームのステップ ループでコードが実行される回数も決まり、これによりローエンドのデバイス/ハードウェアで速度低下が発生する可能性があります。|프레임 속도는 모니터가 초당 그리는 프레임 수를 결정하며, 게임의 부드러움을 개선합니다. 또한, 게임 엔진의 제한으로 인해 이는 게임의 단계 루프에서 코드가 실행되는 횟수도 결정합니다. 이는 낮은 성능의 장치/하드웨어에서 느려짐을 유발할 수 있습니다.|Die Framerate bestimmt, wie viele Bilder pro Sekunde Ihr Monitor darstellt, und verbessert so die Laufruhe des Spiels. Darüber hinaus wird aufgrund von Einschränkungen der Spiel-Engine auch bestimmt, wie oft Code in der Schrittschleife des Spiels ausgeführt wird. Dies kann auf Geräten/Hardware der unteren Preisklasse zu Verlangsamungen führen.|Le taux de rafraîchissement détermine le nombre d'images par seconde que votre moniteur affiche, ce qui améliore la fluidité du jeu. En outre, en raison des limitations du moteur de jeu, ce paramètre détermine également le nombre de fois que le code est exécuté dans la boucle d'étape du jeu, ce qui peut entraîner des ralentissements sur les appareils/matériels de bas de gamme.
options_desc_field_of_view|Field of View ingame. This determines how close or far the camera is zoomed to your player.|Pelin näkökenttä. Tämä määrittää, kuinka lähelle tai kauas kamera on zoomattu soittimeen.|Campo de Visão no jogo. Isso determina o quão perto ou longe a câmera está do jogador.| Поле зрения в игре. Это определяет, насколько близко или далеко камера приближается к игроку.|遊戲中的視野範圍。這決定了相機與玩家的距離|ゲーム内の視野。これにより、カメラがプレイヤーにどれだけ近づくか、または遠ざかるかが決まります。|게임 내 시야 범위. 이 설정은 카메라가 플레이어와 얼마나 가까이 또는 멀리 위치할지를 결정합니다.|Sichtfeld im Spiel. Dadurch wird bestimmt, wie nah oder weit die Kamera an Ihren Player herangezoomt wird.|Champ de vision dans le jeu. Il détermine la distance à laquelle la caméra est zoomée sur votre joueur.
options_desc_outline|Enable/disable outline drawing.|Ota ääriviivapiirros käyttöön/poista käytöstä.|Ativa/Desativa o desenho de contorno.| Включить/выключить рисование контуров.|開啟/關閉輪廓繪製。|アウトライン描画を有効/無効にします。|윤곽선 그리기 활성화/비활성화.|Umrisszeichnung aktivieren/deaktivieren.|Activer/désactiver le tracé des contours.
options_desc_show_experience|Enable/disable experience numbers shown in main HUD.|Ota käyttöön/poista käytöstä päähudissa näkyvät kokemusnumerot.|Ativa/Desativa os números de experiência mostrada no HUD principal.| Включить/отключить отображение чисел опыта в основном HUD.|開啟/關閉主要HUD中顯示的經驗數字。|メイン HUD に表示される経験値の数値を有効/無効にします。|주요 HUD에서 경험치 수치를 활성화/비활성화합니다.|Aktivieren/Deaktivieren der im Haupt-HUD angezeigten Erfahrungszahlen.|Activer/désactiver les points d'expérience affichés dans le HUD principal.
options_desc_show_fps|Enable/disable Frames Per Second shown in main HUD.|Ota käyttöön tai poista käytöstä Frames per Second, joka näkyy HUD:ssa.|Ativa/Desativa a taxa de quadro por segundo no HUD principal.| Включить/выключить отображение количества кадров в секунду на основном HUD.|開啟/關閉主要HUD中顯示的幀率。|メイン HUD に表示されるフレーム/秒を有効/無効にします。|주요 HUD에서 초당 프레임 수를 활성화/비활성화합니다.|Aktivieren/Deaktivieren der im Haupt-HUD angezeigten Bilder pro Sekunde.|Activer/désactiver l'affichage du compteur d'images par seconde dans le HUD principal.
options_desc_color_blind_mode|Enable/disable colorblindness correction filter.|Ota värisokeuden korjaussuodatin käyttöön tai poista se käytöstä.|Ativa/desativa o filtro de correção de daltonismo.| Включить/отключить фильтр коррекции дальтонизма.|啟用/停用色盲校正過濾器。|色覚異常補正フィルターを有効/無効にします。|색맹 교정 필터를 활성화/비활성화합니다.|Aktivieren/Deaktivieren des Filters zur Korrektur der Farbenblindheit.|Activer/désactiver le filtre de correction du daltonisme.
options_desc_font|Select an alternative text font.|Valitse vaihtoehtoinen tekstin kirjasin.|| Выберите альтернативный шрифт текста.|選擇替代文字字體。|代替テキストフォントを選択します。|대체할 텍스트 글꼴을 선택합니다.|Wählen Sie eine alternative Textschriftart aus.|Sélectionnez une police de texte alternative.
options_desc_cursor_size|Size of the ingame mouse cursor.|Pelin hiiren kursorin koko.|Tamanho do cursor in-game| Размер курсора игровой мыши.|遊戲中滑鼠遊標的大小。|ゲーム内のマウス カーソルのサイズ。|다른 텍스트 글꼴을 선택.|Größe des Mauszeigers im Spiel.|Taille du curseur de la souris dans le jeu.
options_desc_cursor_size_ps5|Size of the ingame cursor.||Tamanho do cursor no jogo.|Размер внутриигрового курсора.|遊戲內遊標大小。|ゲーム内カーソルのサイズ。|게임 내 커서 크기.|Größe des Ingame-Cursors.|Taille du curseur en jeu.|Tamaño del cursor en el juego. |Rozmiar kursora w grze.
options_desc_cursor_outline|Enable/disable mouse cursor outline.||Ativar/desativar contorno do cursor do mouse.|Включение/отключение контура курсора мыши.|啟用/停用滑鼠遊標輪廓。|マウスカーソルのアウトラインの表示/非表示。|마우스 커서 테두리 표시/해제.|Mauscursor-Umrandung aktivieren/deaktivieren.|Activer/désactiver le contour du curseur.|Activar/desactivar el contorno del cursor del ratón.|Włącz/wyłącz obrys kursora myszy.
options_desc_cursor_outline_color|Set mouse cursor outline color.||Definir cor do contorno do cursor do mouse.|Установка цвета контура курсора мыши.|設定滑鼠遊標輪廓顏色。|マウスカーソルのアウトラインの色を設定。|마우스 커서 테두리 색상 설정.|Farbe der Mauscursor-Umrandung festlegen.|Définir la couleur du contour du curseur.|Establecer el color del contorno del cursor del ratón.|Ustaw kolor obrysu kursora myszy.
options_desc_coop_camera_mode|Coop Camera Mode||Modo de câmera cooperativo.|Режим камеры для совместной игры.|合作視角模式|協力プレイカメラモード|협동 카메라 모드.|Koop-Kameramodus.|Mode caméra coopérative|Modo de cámara cooperativa.|Tryb kamery w kooperacji
options_desc_default|Set binds back to default values.|Set sitoutuu takaisin oletusarvoihin. |Definir as vinculações de volta aos valores padrão.| Верните привязки к значениям по умолчанию.|綁定鍵重置預設值。 |バインドをデフォルト値に戻します。 |바인드 설정을 기본값으로 되돌리기.|Setzt die Bindungen auf die Standardwerte zurück. |Réinitialiser les liaisons aux valeurs par défaut. 
|||||||||||
console|Console|Konsoli|Console| Консоль|控制台|コンソール|콘솔|Konsole|Console
brightness|Brightness|Kirkkaus|Brilho| Яркость|亮度|輝度|밝기|Helligkeit|Luminosité
contrast|Contrast|Kontrasti|Contraste| Контраст|對比度|対比|대비|Kontrast|Contraste
outlines|Outlines|Ääriviivat|Contorno| Контуры|輪廓|概要|윤곽선|Umrisse|Grandes lignes
show_experience|Show Experience|Näytä kokemuspisteet|Mostrar Experiência| Показать Опыт|顯示經驗|ショー体験|경험치 표시|Erfahrung anzeigen|Afficher l'expérience
show_fps|Show FPS|Näytä FPS|Mostrar FPS| Показать FPS|顯示幀率|FPS を表示|FPS 표시|FPS anzeigen|Afficher les FPS
combat_text_compress|Compress Combat Text|Lyhennä vahinkotekstit|Comprimir Texto de Combate| Сжать боевой текст|壓縮戰鬥文字|戦闘テキストを圧縮|전투 텍스트 압축|Kampftext komprimieren|Compresser le texte de combat
mobile_hold_delay|Inventory Hold Delay|Varaston pitoviive|Atraso de Retenção de Inventário| Задержка удержания инвентаря|庫存保留延遲|在庫保留遅延|인벤토리 유지 대기시간|Verzögerung der Bestandsreservierung|Délai de conservation des stocks
player_projectile_opacity_self|Skill Opacity (Self)|Taitojen läpinäkyvyys (itse)|Opacidade de Habilidades (própria)| Непрозрачность навыка (соло)|技能透明（自身|スキル不透明度（自分）|스킬 투명도 (자신)|Fertigkeitsopazität (Selbst)|Opacité de la compétence (Soi)
player_projectile_opacity_other|Skill Opacity (Party)|Taitojen läpinäkyvyys (juhla) |Opacidade de Habilidades (grupo)| Непрозрачность навыка (группа)|技能透明（隊友）|スキル不透明度（パーティ）|스킬 투명도 (파티)|Fähigkeitsopazität (Party)|Compétence Opacité (Groupe)
protanopia|Protanopia|Protanopia|Protanopia| Протанопия|红色盲|第一色覚|적색맹|Protanopie|Protanopie
deuteranopia|Deuteranopia|Deuteranopia|Deuteranopia| Дейтеранопия|绿色盲|2型盲|녹색맹|Deuteranopie|Deutéranopie
tritanopia|Tritanopia|Tritanopia|Tritanopia| Тританопия|偏盲|トリタノピア|청색맹|Tritanopie|Tritanopie
cursor_size|Cursor Size|Kursorin koko|Tamanho do Cursor| Размер курсора|鼠標大小|カーソルのサイズ|커서 크기|Cursorgröße|Taille du curseur
use_all_flasks|Use All Unique Flasks|Käytä kaikkia ainutlaatuisia pulloja|Use todos os frascos exclusivos| Используйте все уникальные зелья|使用所有獨特的藥劑瓶|すべてのユニークフラスコを使用する|모든 고유 플라스크 사용|Verwenden Sie alle einzigartigen Flaschen|Utiliser tous les flacons uniques
options_font|Font|Fontti|Fonte| Шрифт|字體|フォント|글꼴|Schriftart|Fonte
show_item_info|Show Item Information|Näytä tuotteen tiedot |Mostrar informações do item | Показать информацию о товаре|顯示物品資訊|アイテム情報を表示 |아이템 정보 표시|Artikelinformationen anzeigen |Afficher les informations sur l'article 
color_highlight|Loot Filter Highlight Color||||戰利品過濾器高亮顏色||||
cursor_outline|Cursor Outline|Kursorin ääriviivat|Contorno do cursor|Контур курсора|遊標輪廓|カーソルアウトライン|커서 윤곽선|Cursorkontur|Contour du curseur|Contorno del cursor|Kolor obrysu kursora
cursor_outline_color|Cursor Outline Color|Kursorin ääriviivan väri|Cor do contorno do cursor|Цвет контура курсора|遊標輪廓顏色|カーソルアウトラインの色|커서 윤곽선 색상|Cursorkonturfarbe|Couleur du contour du curseur|Color del contorno del cursor|Tryb kamery w kooperacji
coop_camera_mode|Coop Camera Mode||Modo de câmera cooperativa|Режим совместной камеры|合作相機模式|協力カメラモード|협동 카메라 모드|Koop-Kameramodus|Mode caméra coopérative|Modo de cámara cooperativa|Dynamiczny
dynamic|Dynamic||Dinâmico|Динамический|動態|ダイナミック|다이내믹|Dynamisch|Dynamique|Dinámico|Poziomy
horizontal|Horizontal||Horizontal|Горизонтальный|水平|水平|가로|Horizontal|Horizontal|Horizontal|PionowyGłówna głośność gry. Wszystkie pozostałe suwaki głośności są względem niej.
vertical|Vertical||Vertical |Вертикальный |垂直 |垂直 |세로 |Vertikal|Vertical |Vertical |Głośność muzyki w grze.
|||||||||||
[Audio]|||||||||||
options_desc_master_volume|The master volume of the game. All other volume sliders are relative to this one.|Pelin mestarivolyymi. Kaikki muut äänenvoimakkuuden liukusäätimet ovat suhteessa tähän.|O volume mestre do jogo. Todos os outros sliders de volume são relativos a esse.| Основная громкость игры. Все остальные ползунки громкости относительны этой.|遊戲的主音量。所有其他滑桿都與此滑桿相關。|ゲームのマスターボリューム。他のすべてのボリュームスライダーは、このスライダーを基準にしています。|게임의 전체 볼륨. 다른 볼륨 슬라이더는 모두 이 값을 기준으로 설정됩니다.|Die Hauptlautstärke des Spiels. Alle anderen Lautstärkeregler sind relativ zu diesem.|Le volume principal du jeu. Tous les autres curseurs de volume sont basés sur celui-ci.
options_desc_music_volume|The volume of music in the game.|Musiikin äänenvoimakkuus pelissä.|O volume da música do jogo.| Громкость музыки в игре.|遊戲中的音樂音量。|ゲーム内の音楽の音量。|게임 내 음악 볼륨.|Die Lautstärke der Musik im Spiel.|Le volume de la musique dans le jeu.
options_desc_ambient_volume|The volume of all ambient sounds of the game like wind and rain etc.|Pelin kaikkien ympäristön äänien, kuten tuulen ja sateen, äänenvoimakkuus.|O volume dos sons de ambeinte do jogo como vento e chuva etc.| Громкость всех окружающих звуков в игре, таких как ветер, дождь и т. д.|遊戲中所有環境聲音的音量，如風和雨等。|風や雨などのゲーム中のすべての環境音の音量。|바람, 비 등 게임 내 모든 환경음의 볼륨.|Die Lautstärke aller Umgebungsgeräusche des Spiels wie Wind und Regen usw.|Le volume de tous les sons ambiants du jeu, comme le vent, la pluie, etc.
options_desc_sound_volume|The volume of all sound effects.|Kaikkien äänitehosteiden äänenvoimakkuus.|O volume de todos os efeitos sonoros.| Громкость всех звуковых эффектов.|所有音效的音量。|すべての効果音の音量。|모든 사운드 효과 볼륨.|Die Lautstärke aller Soundeffekte.|Le volume de tous les effets sonores.
options_desc_loot_volume|The volume of all loot drops.|Kaikkien saaliiden määrä laskee.|O volume de todos os drops de loot.| Объем всей выпадающей добычи.|所有戰利品掉落的音量。|すべての戦利品ドロップの量。|모든 전리품 드랍 볼륨.|Die Menge aller Beuteabwürfe.|Le volume de tous sons de butins.
options_desc_hero_voice_volume|The volume of hero voice lines.|Sankarin äänilinjojen äänenvoimakkuus. |O volume das falas dos heróis.| Громкость реплик героев.|英雄台詞的音量。 |主人公のボイスラインの音量。 |영웅 음성 대사의 볼륨.|Die Lautstärke der Heldenstimmen. |Le volume des voix des héros.
|||||||||||
[Gameplay]|||||||||||
[Visual]|||||||||||
health_bar_scale|Health Bar Scale|Terveyspatukkavaaka|Escala da barra de saúde | Шкала здоровья|血量條規模|ヘルスバースケール|체력 바 크기|Gesundheitsbalkenskala|Échelle de barre de santé
show_enemy_hitbox|Show Enemy Attack Hitboxes|Näytä Enemy Attack Hitboxes|Mostrar Hitboxes de Ataques do Inimigo| Показать зоны поражения вражеских атак|顯示敵人攻擊命中框|敵の攻撃ヒットボックスを表示|적 공격 히트박스 표시|Hitboxen feindlicher Angriffe anzeigen|Afficher les hitbox des attaques ennemies
center_dps_meter|Center DPS counter|Keski DPS-laskuri|Centralizar contador de DPS| Центральный счетчик DPS|DPS計數器|中央DPSカウンター|DPS 카운터 중앙정렬|Mittlerer DPS-Zähler|Compteur DPS central
center_boss_cooldowns|Center Boss Cooldowns|Center Bossin jäähtyminen|Centralizar Tempos de Recarga de Chefes| Перезарядка центрального босса|BOSS技能冷卻|センターボスのクールダウン|보스 쿨다운 중앙 정렬|Abklingzeiten des Center-Boss|Temps de recharge du boss central
minimap_show_environment|Show Minimap Environment|Näytä Minimap Environment|Mostrar Ambiente no Minimapa| Показать окружение миниатюры|顯示小地圖|ミニマップ環境を表示|미니맵 환경 표시|Minimap-Umgebung anzeigen|Afficher l'environnement de la mini-carte
minimap_turboperformance|Minimap Turbo Performance|Minimap Turbo Performance|Performance Turbo do Minimapa| Турбопроизводительность миникарты|小地圖效能|ミニマップターボパフォーマンス|미니맵 터보 최적화|Minimap-Turbo-Leistung|Performances Turbo de la mini-carte
show_enemy_affix|Show Monster Affixes|Näytä Monster-liitteet|Mostrar afixos de monstros | Показать аффиксы монстров|顯示怪物詞綴|モンスターの接尾辞を表示|몬스터 속성 보기|Monster-Affixe anzeigen|Afficher les affixes des monstres
minimap_show_monsters|Show Monsters in Minimap||||在小地圖中顯示怪物|ドット戦闘テキストを表示|Dot 전투 텍스트 표시|||
show_dot|Show Dot Combat Text||||顯示持續傷害戰鬥文本|すべてのプレイヤーの名前の表示を有効/無効にします。|모든 플레이어의 이름 활성화/비활성화.|||
hover_tooltip|Hover Item Tooltip||||顯示物品工具框||||
options_desc_hover_tooltip|Enable/Disable hovering item name always shows tooltip.||||啟用/停用始終顯示物品名稱工具框|||||
options_desc_show_player_name|Enable/disable showing the name of all players.|Ota käyttöön/poista käytöstä kaikkien pelaajien nimien näyttäminen.|Ativa/Desativa mostrar o nome de todos os jogadores.| Включить/выключить отображение имен всех игроков.|啟用/停用顯示所有玩家的名稱。|すべてのプレイヤーの名前の表示を有効/無効にします。|모든 플레이어의 이름 활성화/비활성화.|Aktivieren/deaktivieren Sie die Anzeige der Namen aller Spieler.|Activer/désactiver l'affichage du nom de tous les joueurs.
options_desc_show_player_health|Enable/disable showing the life and mana bars of all players.|Ota käyttöön / poista käytöstä kaikkien pelaajien elämän- ja manapalkkien näyttäminen.|Ativa/Desativa mostrar a barra de vida e mana de todos os jogadores.| Включить/выключить отображение полосок жизни и маны всех игроков.|啟用/停用顯示所有玩家的生命值和魔法值欄。|すべてのプレイヤーのライフバーとマナバーの表示を有効/無効にします。|모든 플레이어의 생명력과 마나 바 활성화/비활성화.|Aktivieren/deaktivieren Sie die Anzeige der Lebens- und Manabalken aller Spieler.|Activer/désactiver l'affichage des barres de vie et de mana de tous les joueurs.
options_desc_show_loot_names|Enable/disable showing the names of all loot on the ground.|Ota käyttöön/poista käytöstä kaikkien maassa olevien saaliiden nimien näyttäminen.|Ativa/Desativa mostrar os nomes de todos os saques no chão.| Включить/выключить отображение названий всей добычи на земле.|啟用/停用顯示地面上所有戰利品的名稱。|地上にあるすべての戦利品の名前の表示を有効/無効にします。|땅에 떨어진 모든 전리품 이름 활성화/비활성화.|Aktivieren/deaktivieren Sie die Anzeige der Namen aller Beute auf dem Boden.|Activer/désactiver l'affichage des noms de tous les butins au sol.
options_desc_show_enemy_life|Enable/disable showing the life bar for enemies.|Ota käyttöön/poista käytöstä vihollisten elämäpalkin näyttäminen.|Ativa/Desativa mostrar a barra de vida dos inimigos.| Включить/выключить отображение шкалы здоровья врагов.|啟用/停用顯示敵人的生命值。|敵のライフバーの表示を有効/無効にします。|적의 생명력 바 활성화/비활성화.|Aktivieren/deaktivieren Sie die Anzeige der Lebensleiste für Feinde.|Activer/désactiver l'affichage de la barre de vie des ennemis.
options_desc_show_enemy_hitbox|Enable/disable showing enemy attack hitboxes|Ota käyttöön/poista käytöstä vihollisen hyökkäyksen osumalaatikoiden näyttäminen|Ativa/Desativa mostrar a hitbox de ataques inimigos.| Включить/выключить отображение хитбоксов атак противника|啟用/停用顯示敵方攻擊命中框|敵の攻撃ヒットボックスの表示を有効/無効にする|적 공격 히트박스 활성화/비활성화|Aktivieren/Deaktivieren der Anzeige von Hitboxen für feindliche Angriffe|Activer/désactiver l'affichage des hitbox d'attaque ennemie
options_desc_show_dps|Enable/disable the DPS counter tracking your damage dealt per second.|Ota käyttöön tai poista käytöstä DPS-laskuri, joka seuraa sekunnissa aiheutuneita vahinkoja.|Ativa/Desativa o contador de DPS monitorando o seu dano causado por segundo.|Включить/отключить счетчик DPS, отслеживающий наносимый вами урон в секунду.|啟用/停用DPS計數器，追蹤你每秒造成的傷害。|1 秒あたりに与えたダメージを追跡する DPS カウンターを有効/無効にします。|초당 피해량(DPS) 카운터 활성화/비활성화.|Aktivieren/deaktivieren Sie den DPS-Zähler, der Ihren pro Sekunde verursachten Schaden verfolgt.|Activez/désactivez le compteur DPS qui suit vos dégâts infligés par seconde.
options_desc_show_boss_skill_cooldowns|Enable/disable cooldown counters for boss skills.|Ota käyttöön/poista käytöstä pomotaitojen cooldown-laskurit.|Ativa/Desativa o contador de tempo de recarga dos chefes.| Включить/отключить счетчики перезарядки для навыков босса.|啟用/停用boss技能的冷卻計數器。|ボススキルのクールダウンカウンターを有効/無効にします。|보스 쿨다운 카운터 활성화/비활성화.|Aktivieren/Deaktivieren Sie Abklingzeitzähler für Boss-Fähigkeiten.|Activer/désactiver les compteurs de temps de recharge pour les compétences du boss.
options_desc_center_dps|Center the DPS counter position.|Keskitä DPS-laskurin paikka.|Ativa/Desativa o contador de DPS monitorando o seu dano causado por segundo.| Центрируйте позицию счетчика DPS.|DPS 計數器位置置中。|DPS カウンターの位置を中央にします。|DPS 카운터 중앙 정렬 활성화/비활성화|Zentrieren Sie die Position des DPS-Zählers.|Centrez la position du compteur DPS.
options_desc_center_boss_skill_cooldowns|Center boss cooldown counter position.|Keskipomo jäähdytyslaskurin asento.|Ativa/Desativa o contador de tempo de recarga dos chefes.| Положение счетчика времени восстановления центрального босса.|將BOSS技能冷卻計數器位置置中。|ボスのクールダウンカウンターの位置を中央にします。|보스 쿨다운 카운터 중앙 정렬 활성화/비활성화|Position des Abkühlungszählers im Mittelbereich des Bosses.|Position du compteur de temps de recharge du boss central.
options_desc_show_combat_text|Enable/disable floating combat text when taking or dealing damage.|Ota kelluva taisteluteksti käyttöön tai poista se käytöstä, kun otat tai jaat vahinkoa.|Ativa/Desativa texto de combate flutuante quando causa ou recebe dano.| Включить/отключить всплывающий текст боя при получении или нанесении урона.|在受到或造成傷害時啟用/停用浮動戰鬥文本。|ダメージを受けるとき、またはダメージを与えるときに、フローティング戦闘テキストを有効/無効にします。|데미지를 입거나 줄 때 표시되는 전투 텍스트를 활성화/비활성화|Aktivieren/deaktivieren Sie schwebenden Kampftext beim Erleiden oder Verursachen von Schaden.|Activer/désactiver le texte de combat flottant lorsque vous subissez ou infligez des dégâts.
options_desc_show_experience_gain|Enable/disable floating text for experience gain when killing enemies.|Ota kelluva teksti käyttöön tai poista se käytöstä saadaksesi kokemusta vihollisten tappamisesta.|Ativa/Desativa texto flutuante do ganho de experiência quando elimina montros.| Включить/отключить плавающий текст для получения опыта за убийство врагов.|在殺死敵人時啟用/停用浮動文字以獲得經驗。|敵を倒したときに経験値を獲得するためのフローティングテキストを有効/無効にします。|적을 처치할 때 경험치 획득 표시되는 텍스트를 활성화/비활성화|Aktivieren/deaktivieren Sie schwebenden Text zum Erfahrungsgewinn beim Töten von Feinden.|Activer/désactiver le texte flottant pour gagner de l'expérience lorsque vous tuez des ennemis.
options_desc_player_projectile_opacity_self|The opacity of your own skills and effects.|Omien taitojen ja vaikutusten läpinäkyvyys.|A opacidade de suas próprias habilidades e efeitos.| Непрозрачность ваших собственных навыков и эффектов.|你自己的技能和效果的透明性。|自分のスキルと効果の不透明度。|자신의 스킬과 이펙트 투명도|Die Undurchsichtigkeit der eigenen Fähigkeiten und Wirkungen.|L'opacité de vos propres compétences et effets.
options_desc_player_projectile_opacity_other|The opacity of party member skills and effects.|Puolueen jäsenten taitojen ja vaikutusten läpinäkyvyys.|A opacidade das habilidades e dos efeitos dos membros do grupo.| Непрозрачность навыков и эффектов членов группы.|隊友技能和效果的透明性。|パーティメンバーのスキルと効果の不透明度。|파티 멤버의 스킬과 이펙트 투명도|Die Undurchsichtigkeit der Fähigkeiten und Effekte der Gruppenmitglieder.|L'opacité des compétences et des effets des membres du groupe.
options_desc_minimap_show_environment|Show or Hide Environment objects such as trees and buildings in the minimap|Näytä tai piilota ympäristökohteet, kuten puut ja rakennukset minikartassa|Mostrar ou Ocultar objetos do ambiente, como árvores e construções, no minimapa| Показать или скрыть объекты окружающей среды, такие как деревья и здания, на мини-карте|在小地圖中顯示或隱藏環境對象，如樹木和建築物|ミニマップで木や建物などの環境オブジェクトを表示または非表示にします|미니맵에 나무와 건물과 같은 환경 객체를 표시하거나 숨깁니다.|Umgebungsobjekte wie Bäume und Gebäude in der Minikarte anzeigen oder ausblenden|Afficher ou masquer les objets d'environnement tels que les arbres et les bâtiments dans la minicarte
options_desc_minimap_turboperformance|Turboperformance for minimap. Increases FPS but lowers map updating frequency|Turboperformance minikartalle. Lisää FPS:ää, mutta alentaa kartan päivitystiheyttä|Desempenho turbo do minimapa. Aumenta o FPS, mas reduz a frequência de atualização do mapa| Турбопроизводительность для миникарты. Увеличивает FPS, но снижает частоту обновления карты|降低小地圖性能。增加FPS但降低地圖更新頻率|ミニマップのターボパフォーマンス。 FPSは向上するが、マップの更新頻度は低下する|미니맵을 위한 터보 성능. FPS는 증가시키지만, 맵 업데이트 빈도는 낮아집니다.|Turboleistung für die Minikarte. Erhöht die FPS, verringert aber die Häufigkeit der Kartenaktualisierung|Performances turbo pour la minicarte. Augmente le nombre d'images par seconde mais diminue la fréquence de mise à jour de la carte
options_desc_health_bar_scale|Change the size of your health bar.|Muuta terveyspalkin kokoa.|Altere o tamanho da sua barra de saúde.| Измените размер шкалы здоровья.|更改血量條的大小。|ヘルスバーのサイズを変更します。|당신 체력바의 크기 조절.|Ändern Sie die Größe Ihrer Gesundheitsleiste.|Modifiez la taille de votre barre de santé.
options_desc_cross_platform|Enable/disable the ability to see and join game sessions hosted by users outside of the PlayStation Network. When enabled, players on other platforms can participate in your game sessions as well.|Ota käyttöön tai poista käytöstä mahdollisuus nähdä PlayStation Networkin ulkopuolisten käyttäjien isännöimät peliistunnot ja liittyä niihin. Kun tämä on käytössä, myös muiden alustojen pelaajat voivat osallistua pelisessioihin.|Habilita/desabilita a capacidade de ver e participar de sessões de jogos hospedadas por usuários fora da PlayStation Network. Quando ativado, jogadores de outras plataformas também podem participar das suas sessões de jogo.| Включить/выключить возможность видеть и присоединяться к игровым сессиям, организованным пользователями за пределами PlayStation Network. Когда включено|啟用/停用檢視和加入 PlayStation Network 以外的使用者所主持的遊戲會話的功能。啟用後，其他平台的玩家也可以參與您的遊戲。|PlayStation Network 外部のユーザーがホストするゲームセッションを表示および参加する機能を有効/無効にします。有効にすると、他のプラットフォームのプレイヤーもゲーム セッションに参加できるようになります。|플레이스테이션 네트워크 외부 사용자가 호스팅한 게임 세션을 보기 및 참여 기능을 활성화/비활성화합니다. 활성화 시 다른 플랫폼의 플레이어가 세션에 참여할 수 있습니다.|Aktivieren/deaktivieren Sie die Möglichkeit, Spielsitzungen anzuzeigen und daran teilzunehmen, die von Benutzern außerhalb des PlayStation Network gehostet werden. Wenn diese Option aktiviert ist, können auch Spieler auf anderen Plattformen an Ihren Spielsitzungen teilnehmen.|Activer/désactiver la possibilité de voir et de rejoindre des sessions de jeu hébergées par des utilisateurs en dehors du PlayStation Network. Lorsque cette option est activée, les joueurs sur d'autres plateformes peuvent également participer à vos sessions de jeu.
options_desc_use_all_flasks|Enable/Disable using all available unique flasks at the same time by using any one of them. This does not apply for common flasks.|Ota käyttöön/poista käytöstä kaikkien saatavilla olevien yksilöllisten pullojen käyttö samanaikaisesti käyttämällä mitä tahansa niistä. Tämä ei koske tavallisia pulloja.|Habilitar/Desabilitar o uso de todos os frascos exclusivos disponíveis ao mesmo tempo usando qualquer um deles. Isto não se aplica a frascos comuns.| Включить/выключить использование всех доступных уникальных колб одновременно, используя любую из них. Это не относится к общим колбам.|透過使用其中任何一個，可以同時啟用/停用所有可用的獨特藥劑瓶。這不適用於普通藥劑瓶。|利用可能なすべてのユニークフラスコのいずれかを使用して、それらの使用を有効/無効にします。これは一般的なフラスコには適用されません。|하나의 유니크 플라스크로 모든 유니크 플라스크를 동시에 사용할 수 있는 기능을 활성화/비활성화합니다. 일반 플라스크에는 적용되지 않습니다.|Aktivieren/Deaktivieren Sie die gleichzeitige Verwendung aller verfügbaren einzigartigen Flaschen, indem Sie eine davon verwenden. Dies gilt nicht für herkömmliche Flaschen.|Activer/désactiver l'utilisation de tous les flacons uniques disponibles en même temps en utilisant l'un d'entre eux. Ceci ne s’applique pas aux flacons courants.
options_desc_show_item_info|Always show the stat ranges and other information on items when hovering them.|Näytä aina tilastoalueet ja muut tiedot kohteista, kun pidät niitä.|Sempre mostre os intervalos de estatísticas e outras informações sobre os itens ao passar o mouse sobre eles.| Всегда показывать диапазоны характеристик и другую информацию о предметах при наведении на них курсора.|將滑鼠懸停在物品上時始終顯示數值範圍和其他信息。|アイテムにマウスをホバーすると、そのアイテムのステータス範囲やその他の情報が常に表示されます。|아이템 위에 마우스를 올렸을 때 항상 능력치 범위 및 기타 정보를 표시합니다.|Zeigen Sie beim Bewegen der Maus über die Elemente immer die Statistikbereiche und andere Informationen an.|Affichez toujours les plages de statistiques et autres informations sur les objets lorsque vous les survolez.
options_desc_show_enemy_affix|Always show monster affixes.|Näytä aina hirviöliitteet. |Sempre mostre afixos de monstros. | Всегда показывать аффиксы монстров.|總是顯示怪物詞綴。 |モンスターの接尾辞を常に表示します。 |항상 몬스터 속성 표시.|Monster-Affixe immer anzeigen. |Affichez toujours les affixes des monstres. 
options_desc_minimap_show_monsters|Enable/Disable showing monsters in minimap (Disabling increases performance)||||啟用/停用在小地圖中顯示怪物（停用可提高效能）|DoT（ダメージオーバータイム）戦闘テキストの表示／非表示を切り替えます。|시간당 데미지(Dot) 전투 텍스트 표시/숨기기.|||
options_desc_show_dot_text|Show/Hide damage over time combat text.||||顯示/隱藏DOT傷害戰鬥文字。||||
|||||||||||
[Minimap]|||||||||||
minimap_object_icon_size|Minimap Object Size|Minimap-objektin koko|Tamanho de Objetos no Minimapa| Размер объектов на миникарте|小地圖目標尺寸|ミニマップオブジェクトのサイズ|미니맵 오브젝트 크기|Minimap-Objektgröße|Taille de l'objet de la mini-carte
minimap_enemy_icon_size|Minimap Player/Enemy Size|Minimap Player/Enemy Size|Tamanho de Jogador/Inimigo no Minimapa| Размер игрока/врага на миникарте|小地圖玩家/敵人尺寸|ミニマップのプレイヤー/敵のサイズ|미니맵 플레이어/적 크기|Minimap-Spieler-/Feindgröße|Taille du joueur/ennemi sur la minicarte
minimap_loot_icon_size|Minimap Loot Size|Minimap saaliskoko|Tamanho de Loot no Minimapa| Размер добычи на миникарте|小地圖戰利品尺寸|ミニマップの戦利品サイズ|미니맵 전리품 크기|Beutegröße auf der Minikarte|Taille du butin de la minicarte
options_desc_minimap_object_icon_size|The size of objects like portals, NPC, mining nodes etc. in the minimap.|Objektien, kuten portaalien, NPC:n, kaivossolmujen jne. koko minikartassa.|O tamanho de objetos como portais, NPC, minérios etc. No minimapa| Размер объектов, таких как порталы|小地圖中傳送門、NPC、挖掘節點等物件的尺寸。|ミニマップ内のポータル、NPC、採掘ノードなどのオブジェクトのサイズ。|미니맵에서 포탈, NPC, 광물노드, 그외 기타등등의 객체 크기|Die Größe von Objekten wie Portalen, NPCs, Bergbauknoten usw. in der Minikarte.|La taille des objets tels que les portails, les PNJ, les nœuds miniers, etc. dans la minicarte.
options_desc_minimap_enemy_icon_size|The size of Player and Enemies in the minimap.|Pelaajan ja vihollisten koko minikartassa.|O tamanho do Jogador e Inimigos no minimapa.| Размер игрока и врагов на мини-карте.|小地圖中玩家和敵人的尺寸。|ミニマップ内のプレイヤーと敵のサイズ。|미니맵에서 플레이어와 적의 크기|Die Größe von Spielern und Feinden auf der Minikarte.|La taille du joueur et des ennemis sur la minicarte.
options_desc_minimap_loot_icon_size|The size of Loot in the minimap.|Saaliin koko minikartassa.|O tamanho de Loot no minimapa.| Размер добычи на миникарте.|戰利品在小地圖的大小。|ミニマップ内の戦利品のサイズ。|미니맵에서 전리품 크기|Die Größe der Beute in der Minikarte.|La taille du butin dans la minicarte.
options_desc_minimap_color|The color blend for the minimap.|Värisekoitus minikartalle.|A combinação de cores do minimapa.| Цветовая гамма для мини-карты.|小地圖的顏色混合。|ミニマップのカラーブレンド。|미니맵의 색상 조합|Die Farbmischung für die Minikarte.|Le mélange de couleurs pour la minicarte.
options_desc_minimap_scale|The scale of your minimap.|Minikarttasi mittakaava.|A escala do seu minimapa.| Масштаб вашей миникарты.|小地圖的比例。|ミニマップのスケール。|미니맵 크기|Der Maßstab Ihrer Minikarte.|L'échelle de votre minicarte.
options_desc_minimap_opacity|The opacity of your minimap.|Minikarttasi läpinäkyvyys. |A opacidade do seu minimapa.| Непрозрачность вашей миникарты.|小地圖的透明性。 |ミニマップの不透明度。 |미니맵 투명도|Die Deckkraft Ihrer Minikarte. |L'opacité de votre minicarte. 
|||||||||||
[Online Chat]|||||||||||
options_desc_general_chat|Enable/disable the General chat in the chat lobby as well as ingame.|Ota käyttöön/poista käytöstä yleinen chat chat-aulassa sekä pelaaminen.|Ativa/Desativa o chat Geral tanto no lobby quanto em jogo.| Включить/отключить общий чат в лобби чата, а также в игре.|啟用/停用聊天大廳以及遊戲中的常規聊天。|チャット ロビーおよびゲーム内での一般チャットを有効/無効にします。|채팅 로비와 게임 내에서 일반 채팅을 활성화/비활성화합니다.|Aktivieren/deaktivieren Sie den allgemeinen Chat in der Chat-Lobby sowie im Spiel.|Activer/désactiver le chat général dans le lobby et dans le jeu.
options_desc_ingame_chat_notifications|Enable/disable notifications in the Ingame chat.|Ota ilmoitukset käyttöön tai poista ne käytöstä pelin sisäisessä chatissa.|Ativa/Desativa notificações no chat de jogo.| Включить/отключить уведомления в игровом чате.|啟用/停用遊戲中聊天的通知。|ゲーム内チャットでの通知を有効/無効にします。|게임 내 채팅에서 알림을 활성화/비활성화합니다.|Benachrichtigungen im Ingame-Chat aktivieren/deaktivieren.|Activer/désactiver les notifications dans le chat en jeu.
options_desc_general_chat_notifications|Enable/disable notifications in the General chat.|Ota ilmoitukset käyttöön tai poista ne käytöstä yleisessä chatissa.|Ativa/Desativa notificações no chat geral.| Включить/отключить уведомления в общем чате.|啟用/停用一般聊天的通知。|一般チャットでの通知を有効/無効にします。|일반 채팅에서 알림을 활성화/비활성화합니다.|Aktivieren/deaktivieren Sie Benachrichtigungen im allgemeinen Chat.|Activer/désactiver les notifications dans le chat général.
options_desc_trade_chat_notifications|Enable/disable notifications in the Trade chat.|Ota ilmoitukset käyttöön/poista käytöstä Trade-chatissa.|Ativa/Desativa notificações no chat de trocas.| Включить/отключить уведомления в торговом чате.|啟用/停用交易聊天中的通知。|トレードチャットでの通知を有効/無効にします。|거래 채팅에서 알림을 활성화/비활성화합니다.|Aktivieren/Deaktivieren Sie Benachrichtigungen im Handelschat.|Activer/désactiver les notifications dans le chat commerce.
options_desc_guild_chat_notifications|Enable/disable notifications in the Guild chat.|Ota ilmoitukset käyttöön/poista käytöstä Guild-chatissa.|Ativa/Desativa notificações no chat da Guilda.| Включить/отключить уведомления в чате гильдии.|啟用/停用公會聊天中的通知。|ギルド チャットでの通知を有効/無効にします。|길드 채팅에서 알림을 활성화/비활성화합니다.|Benachrichtigungen im Gildenchat aktivieren/deaktivieren.|Activer/désactiver les notifications dans le chat de guilde.
options_desc_ingame_chat_fading|Enable/disable Ingame chat fading. This causes the chat window to fade away after a period of time. if disabled the chat will always show.|Ota pelin sisäisen chatin häipyminen käyttöön tai poista se käytöstä. Tämä saa chat-ikkunan häipymään tietyn ajan kuluttua. jos se on poistettu käytöstä, chat näkyy aina.|Ativa/Desativa desaparecimento do chat em jogo. Isso faz com que a aba do chat desapareça após um período de tempo. Se desativado, o chat sempre vai ficar à mostra.| Включить/выключить затухание игрового чата. Это заставит окно чата исчезнуть через некоторое время. Если отключить, чат будет отображаться всегда.|啟用/停用遊戲中聊天淡入淡出。這會導致聊天視窗在一段時間後逐漸消失。如果停用，聊天將始終顯示。|ゲーム内チャットのフェードを有効/無効にします。これにより、一定時間が経過するとチャット ウィンドウが消えます。無効にすると、チャットは常に表示されます。|게임 내 채팅 흐려짐 효과를 활성화/비활성화합니다. 활성화 시 일정 시간 후 채팅 창이 사라지고, 비활성화 시 채팅 창이 항상 표시됩니다.|Aktivieren/Deaktivieren des Ingame-Chat-Ausblendens. Dies führt dazu, dass das Chatfenster nach einer gewissen Zeit ausgeblendet wird. Wenn deaktiviert, wird der Chat immer angezeigt.|Activer/désactiver le fondu du chat en jeu. La fenêtre de chat disparaît au bout d'un certain temps. Si cette option est désactivée, la discussion reste toujours affichée.
options_desc_ingame_chat_fading_speed|How many seconds it takes before the chat starts to fade.|Kuinka monta sekuntia kestää, ennen kuin chat alkaa hiipua.|Quantos segundos leva até que o chat comece a desaparecer.| Сколько секунд проходит, прежде чем чат начинает исчезать.|聊天開始消退需要多少秒。|チャットが消え始めるまでにかかる秒数。|채팅이 흐려지기 시작하는 데 걸리는 시간(초)|Wie viele Sekunden es dauert, bis der Chat zu verblassen beginnt.|Nombre de secondes avant que la fenêtre de chat ne commence à s'effacer.
options_desc_ingame_chat_background_opacity|How visible the Ingame chats background box is.|Kuinka näkyvä Ingame-keskustelujen taustaruutu on. |O quão visível é o fundo da caixa de chat.| Насколько заметно фоновое поле внутриигровых чатов.|遊戲中聊天背景框的可見性|ゲーム内チャットの背景ボックスの表示レベル。 |게임 내 채팅 배경 박스의 투명도|Wie sichtbar das Hintergrundfeld des Ingame-Chats ist. |L'opacité de l'arrière-plan de la fenêtre de chat en jeu.
|||||||||||
[Misc]|||||||||||
options_desc_screen_shake|Enable/disable screen shaking from any source like abilities or cinematic events will be enabled/disabled.|Ota käyttöön/poista käytöstä näytön tärinä mistä tahansa lähteestä, kuten kyvyistä tai elokuvallisista tapahtumista, otetaan käyttöön/poistetaan käytöstä.|Ativa/Desativa o tremor na tela de qualquer fonte como habilidades ou eventos cinemáticos.| Будет включено/выключено включение/выключение тряски экрана из любого источника, например, способностей или кинематографических событий.|啟用/停用任何來源的螢幕抖動，如功能或事件將被啟用/停用。|アビリティやシネマティック イベントなどのあらゆるソースからの画面の揺れを有効/無効にします。|능력이나 영화적 이벤트 등 모든 원인으로 인한 화면 흔들림을 활성화/비활성화합니다.|Aktivieren/Deaktivieren des Bildschirmzitterns aus beliebigen Quellen, z. B. durch Fähigkeiten oder filmische Ereignisse.|Activer/désactiver les tremblements d'écran provenant de n'importe quelle source, comme les compétences ou les événements cinématiques seront activés ou non.
options_desc_vibration|Enable/disable vibration when taking damage for an example.|Ota peliohjaimen värinä käyttöön tai poista se käytöstä esimerkiksi vahingoittaessasi.|Ativa/Desativa a vibração do gamepad quando por exemplo toma dano.|Включить/отключить вибрацию геймпада, например, при получении урона.|啟用/停用受到傷害時振動。|たとえばダメージを受けたときにゲームパッドの振動を有効/無効にします。|예를 들어 피해를 입을 때 게임패드 진동을 활성화/비활성화합니다.|Aktivieren/Deaktivieren der Gamepad-Vibration, wenn Sie beispielsweise Schaden nehmen.|Activer/désactiver la vibration de la manette lorsque, par exemple, vous subissez des dégâts.
options_desc_object_outline_color|The color of outline for enemies and other objects behind structures.|Vihollisten ja muiden rakenteiden takana olevien esineiden ääriviivojen väri. |A cor do contorno de inimigos e outros objetos atrás de estruturas.| Цвет контура врагов и других объектов за строениями.|建築物後面敵人和其他物體的輪廓顏色。|構造物の背後にある敵やその他のオブジェクトの輪郭の色。 |구조물 뒤에 있는 적이나 다른 객체들의 윤곽선 색상.|Die Umrissfarbe von Feinden und anderen Objekten hinter Strukturen. |La couleur du contour des ennemis et autres objets derrière les structures.
options_desc_highlight_color|Choose the color for your filter highlighted items on ground and map.||||選擇過濾器在地面和地圖上突出顯示的物品的顏色|投票リセット|투표 리셋|||
options_name_lootFilter|Loot Filter||||戰利品過濾器|スキルロードアウト 1|스킬 로드아웃 1|||
options_name_voteReset|Vote Reset||||投票重置|スキルロードアウト 2|스킬 로드아웃 2|||
options_name_loadout01|Skill Loadout 1||||技能配置 1|スキルロードアウト 3|스킬 로드아웃 3|||
options_name_loadout02|Skill Loadout 2||||技能配置 2|スキルロードアウト 4|스킬 로드아웃 4|||
options_name_loadout03|Skill Loadout 3||||技能配置 3||||
options_name_loadout04|Skill Loadout 4||||技能配置 4||||
options_name_loadout05|Skill Loadout 5|||Набор навыков 5|技能配置 5||스킬 로드아웃 5|||Configuración de habilidades 5|
options_name_loadout06|Skill Loadout 6|||Набор навыков 6|技能配置 6||스킬 로드아웃 6|||Configuración de habilidades 6|
options_name_loadout07|Skill Loadout 7|||Набор навыков 7|技能配置 7||스킬 로드아웃 7|||Configuración de habilidades 7|
options_name_loadout08|Skill Loadout 8|||Набор навыков 8|技能配置 8||스킬 로드아웃 8|||Configuración de habilidades 8|
options_name_context_menu|Context Menu||Menu de Contexto |Контекстное меню |內容選單|コンテキストメニュー |상황에 맞는 메뉴 |Kontextmenü|Menu contextuel |Menú contextual |Menu kontekstowe 
|||||||||||
[Controls]|||||||||||
options_removed_bind|Removed Key binds for buttons:||Atalhos de teclado removidos para botões:|Удалены привязки клавиш для кнопок:|已移除按鈕的快速鍵綁定：|ボタンのキーバインドを削除しました：|버튼에 대한 키 바인딩을 제거했습니다.|Tastenbelegungen für Schaltflächen entfernt:|Suppression des raccourcis clavier pour les boutons :|Se eliminaron las asignaciones de teclas para los botones:|Usunięto przypisania klawiszy do przycisków: 
options_duplicate_bind|Input conflicts with the following bindings:||Conflitos de entrada com os seguintes atalhos: |Ввод конфликтует со следующими привязками: |輸入與以下綁定衝突： |入力が以下のバインドと競合するためです： |입력이 다음 바인딩과 충돌합니다. |Eingabekonflikte mit folgenden Belegungen:|Incidents de saisie avec les raccourcis suivants : |Conflictos de entrada con las siguientes asignaciones: |Występują konflikty danych wejściowych z następującymi powiązaniami: 
|||||||||||
[Keyboard]|||||||||||
options_kb_use_potion_1|Key bind for using a potion in slot 1|Näppäinsidonta juoman käyttöä varten paikassa 1|Keybind para usar uma poção no slot 1| Назначение клавиши для использования зелья в слоте 1|插槽1中藥劑使用的按鈕|スロット1のポーションを使用するためのキーバインド|슬롯 1에서 포션을 사용하는 키 설정|Tastenbelegung für die Verwendung eines Tranks in Slot 1|Raccourci clavier pour boire la potion stockée dans le 1er emplacement.
options_kb_use_potion_2|Key bind for using a potion in slot 2|Näppäinsidonta juoman käyttöä varten paikassa 2|Keybind para usar uma poção no slot 2| Назначение клавиши для использования зелья в слоте 2|插槽2中藥劑使用的按鈕|スロット2のポーションを使用するためのキーバインド|슬롯 2에서 포션을 사용하는 키 설정|Tastenbelegung für die Verwendung eines Tranks in Slot 2|Raccourci clavier pour boire la potion stockée dans le 2ème emplacement.
options_kb_use_potion_3|Key bind for using a potion in slot 3|Näppäinsidonta juoman käyttöä varten paikassa 3|Keybind para usar uma poção no slot 3| Назначение клавиши для использования зелья в слоте 3|插槽3中藥劑使用的按鈕|スロット3のポーションを使用するためのキーバインド|슬롯 3에서 포션을 사용하는 키 설정|Tastenbelegung für die Verwendung eines Tranks in Slot 3|Raccourci clavier pour boire la potion stockée dans le 3ème emplacement.
options_kb_use_potion_4|Key bind for using a potion in slot 4|Näppäinsidonta juoman käyttöä varten paikassa 4|Keybind para usar uma poção no slot 4| Назначение клавиши для использования зелья в слоте 4|插槽4中藥劑使用的按鈕|スロット4のポーションを使用するためのキーバインド|슬롯 4에서 포션을 사용하는 키 설정|Tastenbelegung für die Verwendung eines Tranks in Slot 4|Raccourci clavier pour boire la potion stockée dans le 4ème emplacement.
options_kb_use_skill_1|Key bind for using skill 1 if assigned.|Avainsidonta taidon 1 käyttöön, jos se on määritetty.|Keybind para usar a skill 1 se atribuído.| Назначение клавиши для использования навыка 1, если назначена.|用於使用技能1的按鈕（如果已指派）。|割り当てられている場合、スキル 1 を使用するためのキー バインド。|스킬 1을 사용하기 위한 키 설정|Tastenbelegung zur Verwendung von Fertigkeit 1, falls zugewiesen.|Raccourci clavier pour l'utilisation de la 1ère compétence si elle est attribuée.
options_kb_use_skill_2|Key bind for using skill 2 if assigned.|Avainsidonta taidon 2 käyttöön, jos se on määritetty.|Keybind para usar a skill 2 se atribuído.| Назначение клавиши для использования навыка 2, если назначена.|用於使用技能2的按鈕（如果已指派）。|割り当てられている場合、スキル 2 を使用するためのキー バインド。|스킬 2을 사용하기 위한 키 설정|Tastenbelegung zur Verwendung von Fertigkeit 2, falls zugewiesen.|Raccourci clavier pour l'utilisation de la 2ème compétence si elle est attribuée.
options_kb_use_skill_3|Key bind for using skill 3 if assigned.|Avainsidonta taidon 3 käyttöön, jos se on määritetty.|Keybind para usar a skill 3 se atribuído.| Назначение клавиши для использования навыка 3, если назначено.|用於使用技能3的按鈕（如果已指派）。|割り当てられている場合、スキル 3 を使用するためのキー バインド。|스킬 3을 사용하기 위한 키 설정|Tastenbelegung zur Verwendung von Fertigkeit 3, falls zugewiesen.|Raccourci clavier pour l'utilisation de la 3ème compétence si elle est attribuée.
options_kb_use_skill_4|Key bind for using skill 4 if assigned.|Avainsidonta taidon 4 käyttöön, jos se on määritetty.|Keybind para usar a skill 4 se atribuído.| Назначение клавиши для использования навыка 4, если назначено.|用於使用技能4的按鈕（如果已指派）。|割り当てられている場合、スキル 4 を使用するためのキー バインド。|스킬 4을 사용하기 위한 키 설정|Tastenbelegung zur Verwendung von Fertigkeit 4, falls zugewiesen.|Raccourci clavier pour l'utilisation de la 4ème compétence si elle est attribuée.
options_kb_use_skill_5|Key bind for using skill 5 if assigned.|Avainsidonta taidon 5 käyttöön, jos se on määritetty.|Keybind para usar a skill 5 se atribuído.| Назначение клавиши для использования навыка 5, если назначено.|用於使用技能5的按鈕（如果已指派）。|割り当てられている場合、スキル 5 を使用するためのキー バインド。|스킬 5을 사용하기 위한 키 설정|Tastenbelegung zur Verwendung von Fertigkeit 5, falls zugewiesen.|Raccourci clavier pour l'utilisation de la 5ème compétence si elle est attribuée.
options_kb_use_skill_6|Key bind for using skill 6 if assigned.|Avainsidonta taidon 6 käyttöön, jos se on määritetty.|Keybind para usar a skill 6 se atribuído.| Назначение клавиши для использования навыка 6, если назначено.|用於使用技能6的按鈕（如果已指派）。|割り当てられている場合、スキル 6 を使用するためのキー バインド。|스킬 6을 사용하기 위한 키 설정|Tastenbelegung zur Verwendung von Fertigkeit 6, falls zugewiesen.|Raccourci clavier pour l'utilisation de la 6ème compétence si elle est attribuée.
options_kb_use_skill_7|Key bind for using skill 7 if assigned.|Avainsidonta taidon 7 käyttöön, jos se on määritetty.|Keybind para usar a skill 7 se atribuído.| Назначение клавиши для использования навыка 7, если назначена.|用於使用技能7的按鈕（如果已指派）。|割り当てられている場合、スキル 7 を使用するためのキー バインド。|스킬 7을 사용하기 위한 키 설정|Tastenbelegung zur Verwendung von Fertigkeit 7, falls zugewiesen.|Raccourci clavier pour l'utilisation de la 7ème compétence si elle est attribuée.
options_kb_use_skill_8|Key bind for using skill 8 if assigned.|Avainsidos taidon 8 käyttöön, jos se on määritetty.|Keybind para usar a skill 8 se atribuído.| Назначение клавиши для использования навыка 8, если назначено.|用於使用技能8的按鈕（如果已指派）。|割り当てられている場合、スキル 8 を使用するためのキー バインド。|스킬 8을 사용하기 위한 키 설정|Tastenbelegung zur Verwendung von Fertigkeit 8, falls zugewiesen.|Raccourci clavier pour l'utilisation de la 8ème compétence si elle est attribuée.
options_kb_use_skill_9|Key bind for using skill 9 if assigned.|Avainsidonta taidon 9 käyttöön, jos se on määritetty.|Keybind para usar a skill 9 se atribuído.| Назначение клавиши для использования навыка 9, если назначено.|用於使用技能9的按鈕（如果已指派）。|割り当てられている場合、スキル 9 を使用するためのキー バインド。|스킬 9을 사용하기 위한 키 설정|Tastenbelegung zur Verwendung von Fertigkeit 9, falls zugewiesen.|Raccourci clavier pour l'utilisation de la 9ème compétence si elle est attribuée.
options_kb_use_skill_10|Key bind for using skill 10 if assigned.|Avainsidos taidon 10 käyttöön, jos se on määritetty.|Keybind para usar a skill 10 se atribuído.| Назначение клавиши для использования навыка 10, если назначена.|用於使用技能10的按鈕（如果已指派）。|割り当てられている場合、スキル 10 を使用するためのキー バインド。|스킬 10을 사용하기 위한 키 설정|Tastenbelegung zur Verwendung von Fertigkeit 10, falls zugewiesen.|Raccourci clavier pour l'utilisation de la 10ème compétence si elle est attribuée.
options_kb_use_skill_11|Key bind for using skill 11 if assigned.|Avainsidos taidon 11 käyttöön, jos se on määritetty.|Keybind para usar a skill 11 se atribuído.| Назначение клавиши для использования навыка 11, если назначено.|用於使用技能11的按鈕（如果已指派）。|割り当てられている場合、スキル 11 を使用するためのキー バインド。|스킬 11을 사용하기 위한 키 설정|Tastenbelegung zur Verwendung von Fertigkeit 11, falls zugewiesen.|Raccourci clavier pour l'utilisation de la 11ème compétence si elle est attribuée.
options_kb_use_skill_12|Key bind for using skill 12 if assigned.|Avainsidos taidon 12 käyttöön, jos se on määritetty. |Keybind para usar a skill 12 se atribuído.| Назначение клавиши для использования навыка 12, если назначена.|用於使用技能12的按鈕（如果已指派）。 |割り当てられている場合、スキル 12 を使用するためのキー バインド。 |스킬 12을 사용하기 위한 키 설정|Tastenbelegung zur Verwendung von Fertigkeit 12, falls zugewiesen. |Raccourci clavier pour l'utilisation de la 12ème compétence si elle est attribuée.
options_kb_move_up|Key bind for moving up.|Näppäinsidonta ylöspäin siirtymistä varten.|Keybind para mover para cima.| Назначение клавиш для перемещения вверх.|向上移動的鍵綁定。|上に移動するためのキーバインド。|위로 이동하는 키 설정|Tastenbelegung zum Hochgehen.|Raccourci clavier pour monter.
options_kb_move_left|Key bind for moving left.|Näppäinkiinnitys vasemmalle liikkumiseen.|Keybind para mover para esquerda.| Назначение клавиши для движения влево.|向左移動的鍵綁定。|左に移動するためのキーバインド。|왼쪽으로 이동하는 키 설정|Tastenbelegung zum Bewegen nach links.|Raccourci clavier pour se déplacer vers la gauche.
options_kb_move_right|Key bind for moving right.|Avaimen sidos oikealle liikkumiseen.|Keybind para mover para direita.| Назначение клавиш для движения вправо.|向右移動的鍵綁定。|右に移動するためのキーバインド。|오른쪽으로 이동하는 키 설정|Tastenbelegung zum Bewegen nach rechts.|Raccourci clavier pour se déplacer vers la droite.
options_kb_move_down|Key bind for moving down.|Avaimen kiinnitys alas liikkumista varten.|Keybind para mover para baixo.| Назначение клавиш для перемещения вниз.|向下移動的鍵綁定。|下に移動するためのキーバインド。|아래로  이동하는 키 설정|Tastenbelegung zum Herunterbewegen.|Raccourci clavier pour se déplacer vers le bas.
options_kb_toggle_minimap|Key bind for toggling Minimap.|Näppäinsidonta Minimapin vaihtamiseen.|Keybind para habilitar o minimapa.| Назначение клавиш для переключения миникарты.|用於切換小地圖的綁定鍵。|ミニマップを切り替えるためのキーバインド。|미니맵을 토글하는 키 설정|Tastenbelegung zum Umschalten der Minikarte.|Raccourci clavier pour activer la mini-carte.
options_kb_show_map|Key bind for showing the minimap in the middle of your screen.|Näppäinsidonta minikartan näyttämiseen näytön keskellä.|Keybind para mostrar o minimapa no meio da sua tela.| Назначение клавиш для отображения мини-карты по центру экрана.|用於在螢幕中間顯示小地圖的綁定鍵。|画面の中央にミニマップを表示するためのキーバインド。|화면 중앙에 매니맵을 보이게 하는 키 설정|Tastenkombination zum Anzeigen der Minikarte in der Mitte Ihres Bildschirms.|Raccourci clavier pour afficher la minicarte au milieu de votre écran.
options_kb_playerlist|Key bind for opening the playerlist.|Avainsidonta pelaajaluettelon avaamiseen.|Keybind para mostrar a lista de jogadores.| Назначение клавиш для открытия списка игроков.|打開玩家清單的綁定鍵。|プレイヤーリストを開くためのキーバインド。|플레이어 목록을 보여주는 키 설정|Tastenkombination zum Öffnen der Spielerliste.|Raccourci clavier pour ouvrir la liste des joueurs.
options_kb_show_loot_names|Key bind for showing loot names on ground.|Näppäinsidonta ryöstöjen nimien näyttämiseen maassa.|Keybind para mostrar o nome de loot no chão.| Назначение клавиш для отображения названий добычи на земле.|用於在地面上顯示戰利品名稱的綁定鍵。|地上の戦利品の名前を表示するためのキーバインド。|땅에 있는 전리품 이름을 보여주는 키 설정|Tastenbelegung zum Anzeigen der Beutenamen auf dem Boden.|Raccourci clavier pour afficher les noms des butins au sol.
options_kb_weapon_swap|Key bind for swapping weapon / shield slot.|Avaimen side aseen/kilven paikan vaihtamiseen.|Keybind para trocar o slot de arma/escudo| Назначение клавиш для смены слота оружия/щита.|用於交換武器/盾牌的綁定鍵。|武器/シールド スロットを交換するためのキー バインド。|무기/방패 슬롯을 스왑하는 키 설정|Tastenbelegung zum Tauschen des Waffen-/Schildplatzes.|Raccourci clavier pour échanger l'emplacement d'arme/bouclier.
options_kb_emote_menu|Key bind for Emote menu.|Emote-valikon näppäinsidonta.|Keybind para o menu de Emotes| Назначение клавиш для меню эмоций.|表情選單的綁定鍵。|エモート メニューのキー バインド。|감정표현 메뉴를 여는 키 설정|Tastenbelegung für das Emote-Menü.|Raccourci clavier pour le menu Emote.
options_kb_cast_town_portal|Key bind for casting Town Portal.|Näppäinsidonta kaupunkiportaalin tekemiseen.|Keybind para conjurar o portal da cidade.| Назначение клавиш для использования Городского портала.|釋放城鎮傳送門的綁定鍵。|タウンポータルをキャストするためのキーバインド。|마을 포탈을 여는 키 설정|Tastenbelegung zum Wirken des Stadtportals.|Touche de raccourci pour lancer le portail de la ville.
options_kb_force_stop|Key bind for force stop. You can force stop movement and your left ability attack/cast.|Avaimen kiinnitys pakkopysäykseen. Voit pakottaa pysäyttämään liikkeen ja vasen kykysi hyökätä/heittää.|Keybind para forçar parada. Você pode forçar parada e o ataque/habilidade da esquerda.| Назначение клавиш для принудительной остановки. Вы можете принудительно остановить движение и атаку/применение левой способности.|強制停止綁定鍵。你可以強制停止移動和你的左側攻擊/施放技能。|強制停止のキーバインド。移動を強制的に停止し、左側のアビリティの攻撃/キャストを停止できます。|강제 정지를 위한 키 설정. 이 키를 사용하면 이동과 왼쪽 능력 공격/시전을 강제로 멈출 수 있습니다.|Tastenbelegung für erzwungenen Stopp. Sie können die Bewegung stoppen und mit Ihrer linken Fähigkeit angreifen/zaubern.|Raccourci clavier pour forcer l'arrêt. Vous pouvez forcer l'arrêt du mouvement et votre capacité de gauche attaque/lance.
options_kb_force_move|Key bind for force move. You can force movement ignoring your left ability from triggering.|Näppäinsidonta voimansiirtoa varten. Voit pakottaa liikkeen laukaisemasta vasenta kykyäsi huomiotta.|Keybind para forçar movimento. Você pode forçar movimento ignorando a sua habilidade da esquerda de ativar.| Назначение клавиш для принудительного движения. Вы можете принудительно двигаться, игнорируя срабатывание левой способности.|強制移動的綁定鍵。你可以透過觸發移動忽略你的動作來強制移動。|強制移動のキーバインド。左の能力の発動を無視して移動を強制することができます。|강제 이동을 위한 키 설정. 이 키를 사용하면 왼쪽 능력을 무시하고 이동을 강제로 수행할 수 있습니다.|Tastenbelegung für erzwungene Bewegung. Sie können eine Bewegung erzwingen, ohne dass Ihre linke Fähigkeit ausgelöst wird.|Raccourci clavier pour le déplacement forcé. Vous pouvez forcer le mouvement en ignorant votre capacité de gauche qui se déclenche.
options_kb_pickup_use|Key bind for picking up loot and talking to NPC etc.|Avaimen sidos ryöstöä varten ja NPC:n kanssa puhumiseen jne.|Keybind para pegar loot e falar com NPC etc.| Назначение клавиш для сбора добычи, разговора с NPC и т. д.|用於拾取戰利品和與NPC交談等的綁定鍵。|戦利品を拾ったり、NPC と話したりするためのキーバインド。|아이템을 줍거나 NPC와 대화하는 키 설정|Tastenbelegung zum Aufheben von Beute und Sprechen mit NPCs usw.|Raccourci clavier pour récupérer le butin et parler aux PNJ, etc.
options_kb_jump|Key bind for Jumping.|Avaimen sidos hyppäämiseen.|Keybind para pular.| Назначение клавиш для прыжков.|跳躍綁定鍵。|ジャンプのキーバインド。|점프하는 키 설정|Tastenbelegung zum Springen.|Raccourci clavier pour le saut.
options_kb_inventory_mercenary|Key bind for opening mercenary inventory.|Avainsidonta palkkasoturivaraston avaamiseen.|Keybind para abrir o inventário do mercenário.| Назначение клавиши для открытия инвентаря наемника.|打開僱傭兵背包的綁定鍵。|傭兵のインベントリを開くためのキーバインド。|용병 인벤토리를 여는 키 설정|Tastenbelegung zum Öffnen des Söldnerinventars.|Raccourci clavier pour ouvrir l'inventaire des mercenaires.
options_kb_guild_tab|Key bind for opening guild menu.|Avainsidonta kiltavalikon avaamiseen.|Keybind para abrir o menu da guilda.| Назначение клавиш для открытия меню гильдии.|開啟公會選單的綁定鍵。|ギルド メニューを開くためのキー バインド。|길드 메뉴를 여는 키 설정|Tastenkombination zum Öffnen des Gildenmenüs.|Raccourci clavier pour ouvrir le menu de la guilde.
options_kb_skill_menu|Key bind for opening skill menu.|Näppäinsidonta taitovalikon avaamiseen.|Keybind para abrir o menu de habilidades.| Назначение клавиш для открытия меню навыков.|開啟技能選單的綁定鍵。|スキルメニューを開くためのキーバインド。|스킬 메뉴를 여는 키 설정|Tastenbelegung zum Öffnen des Fertigkeitsmenüs.|Raccourci clavier pour ouvrir le menu des compétences.
options_kb_inventory|Key bind for opening inventory.|Avainsidonta varaston avaamiseen.|Keybind para abrir o inventário| Привязка клавиш для открытия инвентаря.|打開背包的綁定鍵。|インベントリを開くためのキーバインド。|인벤토리를 여는 키 설정|Tastenbelegung zum Öffnen des Inventars.|Raccourci clavier pour ouvrir l'inventaire.
options_kb_chat|Key bind for opening ingame chat.|Näppäinsidonta pelichatin avaamiseen.|Keybind para abrir o chat de dentro do jogo;| Назначение клавиш для открытия внутриигрового чата.|打開遊戲中聊天的綁定鍵。|ゲーム内チャットを開くためのキーバインド。|게임 내 채팅을 여는 키 설정|Tastenbelegung zum Öffnen des Ingame-Chats.|Raccourci clavier pour ouvrir le chat en jeu.
options_kb_cutscene_skip|Key bind for skipping cutscenes.|Näppäinsidos välikohtausten ohittamiseen.|Keybind para pular cutscenes.| Назначение клавиш для пропуска кат-сцен.|跳過過場動畫的綁定鍵。|カットシーンをスキップするためのキーバインド。|컷신 스킵하는 키 설정|Tastenbelegung zum Überspringen von Zwischensequenzen.|Raccourci clavier pour ignorer les cinématiques.
options_disable_mouse_move|Disable Mouse Movement|Poista hiiren liike käytöstä|Desabilita o movimento com o mouse.| Отключить движение мышью|禁用滑鼠移動|マウスの動きを無効にする|마우스 이동 비활성화|Mausbewegung deaktivieren|Désactiver le mouvement de la souris
options_kb_ping|Key Bind for pinging on map|Key Bind kartan pingointia varten |Keybind para pingar no mapa| Назначение клавиш для пингования на карте|地圖上的pinging綁定鍵|マップ上でピン留めするためのキーバインド |지도에 핑을 찍는 키 설정|Tastenbelegung zum Pingen auf der Karte |Raccourci clavier pour le ping sur la carte 
options_kb_loot_filter|Key Bind for opening loot filter||||開啟戰利品過濾器的按鍵綁定|スキルロードアウト1のキー割り当て|스킬 로드아웃 1 키 설정|||
options_kb_vote_reset|Key Bind for activating vote reset||||用於啟動投票重置的按鍵綁定|スキルロードアウト2のキー割り当て|스킬 로드아웃 2 키 설정|||
options_kb_loadout_1|Key Bind for skill loadout 1||||技能 1 的按鍵綁定|スキルロードアウト3のキー割り当て|스킬 로드아웃 3 키 설정|||
options_kb_loadout_2|Key Bind for skill loadout 2||||技能 2 的按鍵綁定|スキルロードアウト4のキー割り当て|스킬 로드아웃 4 키 설정|||
options_kb_loadout_3|Key Bind for skill loadout 3||||技能 3 的按鍵綁定||||
options_kb_loadout_4|Key Bind for skill loadout 4||||技能 4 的按鍵綁定||||
options_kb_loadout_5|Key Bind for skill loadout 5|||Назначение клавиши для выбора набора навыков 5|技能 5 的按鍵綁定||스킬 로드아웃 5 키 설정|||Atajo de teclado para la configuración de habilidades 5|
options_kb_loadout_6|Key Bind for skill loadout 6|||Назначение клавиши для выбора набора навыков 6|技能 6 的按鍵綁定||스킬 로드아웃 6 키 설정|||Atajo de teclado para la configuración de habilidades 6|
options_kb_loadout_7|Key Bind for skill loadout 7|||Назначение клавиши для выбора набора навыков 7|技能 7 的按鍵綁定||스킬 로드아웃 7 키 설정|||Atajo de teclado para la configuración de habilidades 7|
options_kb_loadout_8|Key Bind for skill loadout 8|||Назначение клавиши для выбора набора навыков 8|技能 8 的按鍵綁定||스킬 로드아웃 8 키 설정|||Atajo de teclado para la configuración de habilidades 8|
options_kb_context_menu|Key Bind for Context Menu||Atalho de teclado para o menu de contexto |Назначение клавиши для контекстного меню |上下文選單的快捷鍵綁定|コンテキストメニューのキーバインド |컨텍스트 메뉴에 대한 키 바인딩 |Tastenbelegung für das Kontextmenü|Ranc clavier pour le menu contextuel |Atajo de teclado para el menú contextual |Przypisanie klawiszy do menu kontekstowego 
|||||||||||
[Gamepad]|||||||||||
options_gp_use_potion_1|Button for using a potion in slot 1|Painike juoman käyttämiseen paikassa 1|Botão para usar a poção no slot 1| Кнопка использования зелья в слоте 1|使用第1個藥水快捷鍵|スロット1のポーションを使用するボタン|슬롯 1에서 포션을 사용하는 버튼|Button zum Verwenden eines Tranks in Slot 1|Touche pour boire la potion stockée dans le 1er emplacement.
options_gp_use_potion_2|Button for using a potion in slot 2|Painike juoman käyttämiseen paikassa 2|Botão para usar a poção no slot 2| Клавиша использования зелья в слоте 2|使用第2個藥水快捷鍵|スロット2のポーションを使用するボタン|슬롯 2에서 포션을 사용하는 버튼|Button zum Verwenden eines Tranks in Slot 2|Touche pour boire la potion stockée dans le 2ème emplacement.
options_gp_use_potion_3|Button for using a potion in slot 3|Painike juoman käyttämiseen paikassa 3|Botão para usar a poção no slot 3| Клавиша использования зелья в слоте 3|使用第3個藥水快捷鍵|スロット3のポーションを使用するボタン|슬롯 3에서 포션을 사용하는 버튼|Button zum Verwenden eines Tranks in Slot 3|Touche pour boire la potion stockée dans le 3ème emplacement.
options_gp_use_potion_4|Button for using a potion in slot 4|Painike juoman käyttämiseen paikassa 4|Botão para usar a poção no slot 4| Клавиша использования зелья в слоте 4|使用第4個藥水快捷鍵|スロット4のポーションを使用するボタン|슬롯 4에서 포션을 사용하는 버튼|Button zum Verwenden eines Tranks in Slot 4|Touche pour boire la potion stockée dans le 4ème emplacement.
options_gp_use_skill_1|Button for using skill 1 if assigned.|Painike taidon 1 käyttöön, jos se on määritetty.|Botão para usar a skill 1 se atribuída.| Клавиша использования навыка 1, если назначена.|用於使用技能1的按鈕（如果已指派）。|割り当てられている場合にスキル 1 を使用するボタン。|스킬 1을 사용하기 위해 버튼 설정|Schaltfläche zum Verwenden der Fertigkeit 1, sofern zugewiesen.|Touche pour l'utilisation de la 1ère compétence si elle est attribuée.
options_gp_use_skill_2|Button for using skill 2 if assigned.|Painike taidon 2 käyttöön, jos se on määritetty.|Botão para usar a skill 2 se atribuída.| Клавиша использования навыка 2, если назначена.|用於使用技能2的按鈕（如果已指派）。|スキル2が割り当てられている場合に使用するボタン。|스킬 2을 사용하기 위해 버튼 설정|Schaltfläche zum Verwenden der Fertigkeit 2, falls zugewiesen.|Touche pour l'utilisation de la 2ème compétence si elle est attribuée.
options_gp_use_skill_3|Button for using skill 3 if assigned.|Painike taidon 3 käyttöön, jos se on määritetty.|Botão para usar a skill 3 se atribuída.| Клавиша использования навыка 3, если назначена.|用於使用技能3的按鈕（如果已指派）。|スキル3が割り当てられている場合に使用するボタン。|스킬 3을 사용하기 위해 버튼 설정|Schaltfläche zum Verwenden der Fertigkeit 3, falls zugewiesen.|Touche pour l'utilisation de la 3ème compétence si elle est attribuée.
options_gp_use_skill_4|Button for using skill 4 if assigned.|Painike taidon 4 käyttöön, jos se on määritetty.|Botão para usar a skill 4 se atribuída.| Клавиша использования навыка 4, если он назначен.|用於使用技能4的按鈕（如果已指派）。|スキル4が割り当てられている場合に使用するボタン。|스킬 4을 사용하기 위해 버튼 설정|Schaltfläche zum Verwenden der Fertigkeit 4, falls zugewiesen.|Touche pour l'utilisation de la 4ème compétence si elle est attribuée.
options_gp_use_skill_5|Button for using skill 5 if assigned.|Painike taidon 5 käyttöön, jos se on määritetty.|Botão para usar a skill 5 se atribuída.| Клавиша использования навыка 5, если назначен.|用於使用技能5的按鈕（如果已指派）。|割り当てられている場合にスキル 5 を使用するボタン。|스킬 5을 사용하기 위해 버튼 설정|Schaltfläche zum Verwenden der Fertigkeit 5, falls zugewiesen.|Touche pour l'utilisation de la 5ème compétence si elle est attribuée.
options_gp_use_skill_6|Button for using skill 6 if assigned.|Painike taidon 6 käyttöön, jos se on määritetty.|Botão para usar a skill 6 se atribuída.| Клавиша использования навыка 6, если он назначен.|用於使用技能6按鈕（如果已指派）。|スキル6が割り当てられている場合に使用するボタン。|스킬 6을 사용하기 위해 버튼 설정|Schaltfläche zum Verwenden der Fertigkeit 6, falls zugewiesen.|Touche pour l'utilisation de la 6ème compétence si elle est attribuée.
options_gp_use_skill_7|Button for using skill 7 if assigned.|Painike taidon 7 käyttöön, jos se on määritetty.|Botão para usar a skill 7 se atribuída.| Клавиша использования навыка 7, если он назначен.|用於使用技能7的按鈕（如果已指派）。|割り当てられている場合にスキル 7 を使用するボタン。|스킬 7을 사용하기 위해 버튼 설정|Schaltfläche zum Verwenden der Fertigkeit 7, falls zugewiesen.|Touche pour l'utilisation de la 7ème compétence si elle est attribuée.
options_gp_use_skill_8|Button for using skill 8 if assigned.|Painike taidon 8 käyttöön, jos se on määritetty.|Botão para usar a skill 8 se atribuída.| Клавиша использования навыка 8, если он назначен.|用於使用技能8的按鈕（如果已指派）。|スキル 8 が割り当てられている場合に使用するボタン。|스킬 8을 사용하기 위해 버튼 설정|Schaltfläche zum Verwenden der Fertigkeit 8, falls zugewiesen.|Touche pour l'utilisation de la 8ème compétence si elle est attribuée.
options_gp_use_skill_9|Button for using skill 9 if assigned.|Painike taidon 9 käyttöön, jos se on määritetty.|Botão para usar a skill 9 se atribuída.| Клавиша использования навыка 9, если он назначен.|用於使用技能9的按鈕（如果已指派）。|スキル9が割り当てられている場合に使用するボタン。|스킬 9을 사용하기 위해 버튼 설정|Schaltfläche zum Verwenden der Fertigkeit 9, falls zugewiesen.|Touche pour l'utilisation de la 9ème compétence si elle est attribuée.
options_gp_use_skill_10|Button for using skill 10 if assigned.|Painike taidon 10 käyttöön, jos se on määritetty.|Botão para usar a skill 10 se atribuída.| Клавиша использования навыка 10, если он назначен.|用於使用技能10的按鈕（如果已指派）。|割り当てられている場合にスキル 10 を使用するボタン。|스킬 10을 사용하기 위해 버튼 설정|Schaltfläche zum Verwenden der Fertigkeit 10, falls zugewiesen.|Touche pour l'utilisation de la 10ème compétence si elle est attribuée.
options_gp_use_skill_11|Button for using skill 11 if assigned.|Painike taidon 11 käyttöön, jos se on määritetty.|Botão para usar a skill 11 se atribuída.| Клавиша использования навыка 11, если он назначен.|用於使用技能11的按鈕（如果已指派）。|スキル 11 が割り当てられている場合に使用するボタン。|스킬 11을 사용하기 위해 버튼 설정|Schaltfläche zum Verwenden der Fertigkeit 11, falls zugewiesen.|Touche pour l'utilisation de la 11ème compétence si elle est attribuée.
options_gp_use_skill_12|Button for using skill 12 if assigned.|Painike taidon 12 käyttöön, jos se on määritetty.|Botão para usar a skill 12 se atribuída.| Клавиша использования навыка 12, если он назначен.|用於使用技能12的按鈕（如果已指派）。|スキル 12 が割り当てられている場合に使用するボタン。|스킬 12을 사용하기 위해 버튼 설정|Schaltfläche zum Verwenden der Fertigkeit 12, falls zugewiesen.|Touche pour l'utilisation de la 12ème compétence si elle est attribuée.
options_gp_ping|Button for pinging on map|Kartan ping-painike|Botão para pingar no mapa| Клавиша для пинга на карте|地圖上的pinging綁定鈕|地図にピン留めするためのボタン|지도에 핑을 찍는 버튼|Schaltfläche zum Pingen auf der Karte|Bouton pour envoyer un ping sur la carte 
options_gp_loot_filter|Button for opening loot filter||||打開戰利品過濾器的按鈕|ミニマップを切り替えるボタン。|미니맵을 토글하는 버튼|||
options_gp_vote_reset|Button for activating vote reset||||啟動投票重置按鈕|プレイヤーリストを開くためのボタン。|플레이어 목록을 보여주는 버튼|||
options_gp_toggle_minimap|Button for toggling Minimap.|Painike minikartan vaihtamiseen.|Botão para ativar o Minimapa.| Клавиша переключения мини-карты.|用於切換小地圖的按鈕。|ミニマップを切り替えるボタン。|미니맵을 토글하는 버튼|Schaltfläche zum Umschalten der Minikarte.|Touche pour alterner la mini-carte.
options_gp_playerlist|Button for opening the playerlist.|Painike pelaajaluettelon avaamiseen.|Botão para abrir a lista de jogadores.| Клавиша открытия списка игроков.|用於開啟玩家清單的按鈕。|プレイヤーリストを開くためのボタン。|플레이어 목록을 보여주는 버튼|Button zum Öffnen der Spielerliste.|Touche pour ouvrir la liste des joueurs.
options_gp_show_loot_names|Button for showing loot names on ground.|Painike ryöstöjen nimien näyttämiseen maassa.|Botão para mostrar o nome de loot no chão.| Клавиша для отображения названий добычи на земле.|用於在地面上顯示戰利品名稱的按鈕。|地上の戦利品の名前を表示するためのボタン。|땅에 있는 전리품 이름을 보여주는 버튼|Schaltfläche zum Anzeigen der Beutenamen auf dem Boden.|Touche pour afficher les noms des butins sur le sol.
options_gp_weapon_swap|Button for swapping weapon / shield slot.|Painike aseen/kilven paikan vaihtamiseen.|Botão para trocar o slot de arma/escudo| Клавиша смены слота оружия/щита.|用於交換武器/盾牌的按鈕。|武器/シールドスロットを交換するためのボタン。|무기/방패 슬롯을 스왑하는 버튼|Schaltfläche zum Tauschen des Waffen-/Schildplatzes.|Touche pour changer de pré-équipement.
options_gp_emote_menu|Button for Emote menu.|Emote-valikon painike.|Botão para o menu de Emotes| Клавиша для меню эмоций.|表情選單按鈕。|エモートメニューのボタン。|감정표현 메뉴를 여는 버튼|Schaltfläche für das Emote-Menü.|Touche pour ouvrir le menu Emote.
options_gp_cast_town_portal|Button for casting Town Portal.|Painike kaupunkiportaalin suoratoistoon.|Botão para conjurar o portal da cidade.| Клавиша для создания городского портала.|釋放城鎮傳送門的按鈕。|タウンポータルをキャストするためのボタン。|마을 포탈을 여는 버튼|Schaltfläche zum Wirken des Stadtportals.|Touche pour lancer le portail de la ville.
options_gp_pickup_use|Button for picking up loot and talking to NPC etc.|Painike saaliin keräämiseen ja NPC:lle puhumiseen jne.|Botão para pegar loot e falar com NPC etc.| Клавиша для сбора добычи, разговора с NPC и т. д.|用於拾取戰利品和與NPC交談等的按鈕。|戦利品を拾ったり、NPC と話したりするためのボタン。|아이템을 줍거나 NPC와 대화하는 버튼|Schaltfläche zum Aufheben von Beute und Sprechen mit NPCs usw.|Touche pour ramasser le butin et parler aux NPC, etc.
options_gp_jump|Button for Jumping.|Painike hyppäämiseen.|Botão para pular.| Клавиша для прыжка.|跳躍按鈕。|ジャンプするためのボタン。|점프하는 버튼|Taste zum Springen.|Touche pour sauter.
options_gp_inventory_mercenary|Button for opening mercenary inventory.|Painike palkkasoturivaraston avaamiseen.|Botão para abrir o inventário do mercenário.| Клавиша открытия инвентаря наемника.|打開僱傭兵背包的按鈕。|傭兵のインベントリを開くボタン。|용병 인벤토리를 여는 버튼|Schaltfläche zum Öffnen des Söldnerinventars.|Touche pour ouvrir l’inventaire du mercenaire.
options_gp_guild_tab|Button for opening guild menu.|Painike kiltavalikon avaamiseen.|Botão para abrir o menu da guilda.| Клавиша открытия меню гильдии.|開啟公會選單的按鈕。|ギルドメニューを開くボタン。|길드 메뉴를 여는 버튼|Schaltfläche zum Öffnen des Gildenmenüs.|Touche pour ouvrir le menu de guilde. 
options_gp_skill_menu|Button for opening skill menu.|Painike taitovalikon avaamiseen.|Botão para abrir o menu de habilidades.| Клавиша открытия меню навыков.|用於開啟技能選單的按鈕。|スキルメニューを開くボタン。|스킬 메뉴를 여는 버튼|Schaltfläche zum Öffnen des Fertigkeitsmenüs.|Touche pour ouvrir le menu des compétences.
options_gp_inventory|Button for opening inventory.|Painike varaston avaamiseen. |Botão para abrir o inventário.| Клавиша открытия инвентаря.|用於打開背包的按鈕。|インベントリを開くためのボタン。|인벤토리를 여는 버튼|Schaltfläche zum Öffnen des Inventars.|Touche pour ouvrir l'inventaire.
inv_loadout|Equip Swap|Varusteiden vaihto|Trocar Equipamentos| Обмен оборудования|裝備切換|装備交換 ||Ausrüstungstausch |Changement d'équipement
options_gp_loadout_1|Button for skill loadout 1||Botão para configurar habilidades 1|Кнопка для выбора навыков 1|技能配置按钮 1|スキルロードアウト1のボタン|스킬 로드아웃 1버튼|Schaltfläche für die Fertigkeitenübersicht 1|Bouton pour la sélection des compétences 1|Botón para la configuración de habilidades 1|Przycisk do zestawu umiejętności 1
options_gp_loadout_2|Button for skill loadout 2||Botão para configurar habilidades 2|Кнопка для выбора навыков 2|技能配置按钮 2|スキルロードアウト2ボタン|스킬 로드아웃 2버튼|Schaltfläche für die Fertigkeitenübersicht 2|Bouton pour la sélection des compétences 2|Botón para la configuración de habilidades 2|Przycisk do zestawu umiejętności 2
options_gp_loadout_3|Button for skill loadout 3||Botão para configurar habilidades 3|Кнопка для выбора навыков 3|技能配置按钮 3|スキルロードアウト3ボタン|스킬 로드아웃 3버튼|Schaltfläche für die Fertigkeitenübersicht 3|Bouton pour la sélection des compétences 3|Botón para la configuración de habilidades 3|Przycisk do zestawu umiejętności 3
options_gp_loadout_4|Button for skill loadout 4||Botão para configurar habilidades 4|Кнопка для выбора навыков 4|技能配置按钮 4|スキルロードアウト4ボタン|스킬 로드아웃 4버튼|Schaltfläche für die Fertigkeitenübersicht 4|Bouton pour la sélection des compétences 4|Botón para la configuración de habilidades 4|Przycisk do zestawu umiejętności 4
options_gp_loadout_5|Button for skill loadout 5||Botão para configurar habilidades 5|Кнопка для выбора навыков 5|技能配置按钮 5|スキルロードアウト5ボタン|스킬 로드아웃 5버튼|Schaltfläche für die Fertigkeitenübersicht 5|Bouton pour la sélection des compétences 5|Botón para la configuración de habilidades 5|Przycisk do zestawu umiejętności 5
options_gp_loadout_6|Button for skill loadout 6||Botão para configurar habilidades 6|Кнопка для выбора навыков 6|技能配置按钮 6|スキルロードアウト6ボタン|스킬 로드아웃 6버튼|Schaltfläche für die Fertigkeitenübersicht 6|Bouton pour la sélection des compétences 6|Botón para la configuración de habilidades 6|Przycisk do zestawu umiejętności 6
options_gp_loadout_7|Button for skill loadout 7||Botão para configurar habilidades 7|Кнопка для выбора навыков 7|技能配置按钮 7|スキルロードアウト7ボタン|스킬 로드아웃 7버튼|Schaltfläche für die Fertigkeitenübersicht 7|Bouton pour la sélection des compétences 7|Botón para la configuración de habilidades 7|Przycisk do zestawu umiejętności 7
options_gp_loadout_8|Button for skill loadout 8||Botão para configurar habilidades 8|Кнопка для выбора навыков 8|技能配置按钮 8|スキルロードアウト8ボタン |스킬 로드아웃 8버튼|Schaltfläche für die Fertigkeitenübersicht 8|Bouton pour la sélection des compétences 8|Botón para la configuración de habilidades 8|Przycisk do zestawu umiejętności 8
options_gp_context_menu|Button for Context Menu||Botão para o menu de contexto|Кнопка контекстного меню|右鍵選單按鈕|スキルロードアウト3のボタン|스킬 로드아웃 3버튼|Schaltfläche für das Kontextmenü|Bouton pour le menu contextuel|Botón para el menú contextual|Przycisk do menu kontekstowego
options_gp_change_talents|Button for opening talent HUD||Botão para abrir a interface de talentos|Кнопка для открытия интерфейса талантов|天賦介面開啟按鈕|スキルロードアウト4のボタン|스킬 로드아웃 4버튼|Schaltfläche zum Öffnen der Talentübersicht|Bouton pour ouvrir l'interface des talents|Botón para abrir la interfaz de talentos|Przycisk do otwierania HUD talentów
options_gp_openshop|Button for opening ingame Store||Botão para abrir a loja do jogo|Кнопка для открытия внутриигрового магазина|遊戲內商店開啟按鈕|ゲーム内ストアを開くボタン|게임 내 상점 열기 버튼|Schaltfläche zum Öffnen des Ingame-Shops|Bouton pour ouvrir la boutique en jeu|Botón para abrir la tienda del juego|Przycisk do otwierania sklepu w grze
options_gp_journal|Button for opening the Journal||Botão para abrir o diário|Кнопка для открытия журнала|日誌開啟按鈕|ジャーナルを開くボタン|일지 열기 버튼|Schaltfläche zum Öffnen des Tagebuchs|Bouton pour ouvrir le journal|Botón para abrir el diario|Przycisk do otwierania Dziennika
options_gp_open_chat|Button for opening ingame chat||Botão para abrir o chat do jogo|Кнопка для открытия внутриигрового чата|遊戲內聊天開啟按鈕|ゲーム内チャットを開くボタン|게임 내 채팅 열기 버튼|Schaltfläche zum Öffnen des Ingame-Chats|Bouton pour ouvrir le chat en jeu|Botón para abrir el chat del juego|Przycisk do otwierania czatu w grze
talent_hud|Talent HUD||Interface de talentos |Интерфейс талантов |天賦介面 |タレントHUD |특성 HUD |Talentübersicht|Interface des talents |Indicador de talentos |HUD talentów 
|||||||||||
[Loot Filter Presets]|||||||||||
loot_filter_preset_nightmare|Intended for playing through the campaign on Nightmare difficulty. At this point you will have several Superior+ items equipped,  and you are starting to look for cheap early game Runewords to craft. Low tier Common, Superior and Rare items are disabled as you are looking at upgrading to B+ items. |Tarkoitettu Nightmare-vaikeusasteen kampanjan pelaamiseen. Tässä vaiheessa sinulla on käytössäsi useita Superior+ -esineitä, ja alat etsiä halpoja varhaisten pelien runewords-muotoja. Matalan tason yleiset, ylivoimaiset ja harvinaiset tuotteet poistetaan käytöstä, kun päivität B+-tuotteisiin. |Destinado para ser jogado durante a campanha na dificuldade Pesadelo. Neste ponto você terá diversos itens Superiores+ equipados, e você está começando a procurar por Runewords de começo de jogo baratas para criar. Itens Comuns, Superiores e Raros de baixo tier estão desativados já que você está procurando itens B+ para melhorar.| Предназначен для прохождения кампании на уровне сложности Кошмар. На этом этапе у вас будет несколько предметов Superior+.|適用於在夢魘難度下進行戰役。此時你將裝備多個高級+物品，並開始尋找便宜的早期符文之語來製作。低級普通、高級和稀有物品已停用，因為你正在尋找升級到B+等級的物品。|ナイトメア難易度でキャンペーンをプレイするためのものです。この時点で、いくつかの上級+アイテムを装備しており、安価な初期のルーンワードを作成し始めています。低レベルのコモン、上級、およびレアアイテムは無効になっており、B+アイテムにアップグレードすることを検討しています。|이것은 나이트메어 난이도에서 캠페인을 진행하기 위한 것입니다. 이 시점에서 당신은 여러 개의 슈페리어+ 아이템을 장착하고 있으며, 이제 저렴한 초반 게임 룬워드를 제작하려고 합니다. 저급 커먼, 슈페리어, 레어 아이템은 비활성화되어 있으며, B+ 아이템으로 업그레이드하려고 합니다.|Gedacht für das Spielen der Kampagne auf Alptraum-Schwierigkeit. Zu diesem Zeitpunkt hast du mehrere Superior+-Gegenstände ausgerüstet und beginnst, nach günstigen frühen Runenwörtern zu suchen. Niedrigstufige gewöhnliche, überlegene und seltene Gegenstände sind deaktiviert, da du auf B+-Gegenstände aufrüsten möchtest.|Destiné à jouer à la campagne en difficulté Cauchemar. À ce stade, vous aurez plusieurs objets Supérieur+ équipés et vous commencerez à chercher des mots runiques bon marché à fabriquer pour le début du jeu. Les objets de bas niveau Commun, Supérieur et Rare sont désactivés car vous cherchez à les améliorer en objets de niveau B+.
loot_filter_preset_hell_early|Intended for starting Hell 1-3, you just hit 100 and you are starting to farm maps. Low Tier non-Satanics are removed, and you are looking at good Runeword bases to craft sockets on.|Tarkoitettu aloittamaan Hell 1-3, osuit juuri 100 ja alat viljellä karttoja. Matalan tason ei-saatanikot poistetaan, ja etsit hyviä Runeword-pohjia pistorasioiden rakentamiseen.|Destinado para iniciar o Inferno 1-3, você acabou de chegar no 100 e está começando a limpar mapas. Não-satânicos de baixo tier são removidos, e você está procurando por boas bases de Runeword para criar.| Предназначен для запуска Ада 1-3|適用於地獄1-3開始，你剛剛達到100級，並開始刷地圖。低級非撒旦物品已被移除，你正在尋找好的符文之語基底來製作插槽。|地獄1-3を開始するためのもので、100に達したばかりで地図のファームを始めています。低レベルの非サタニックアイテムは削除されており、良いルーンワードのベースを探してソケットを作成しています。|헬 1-3을 시작하려는 의도입니다. 이제 100레벨에 도달했고, 맵을 파밍하기 시작한 시점입니다. 낮은 티어의 비사탄 아이템은 제거되었으며, 소켓을 제작할 좋은 룬워드 베이스를 찾고 있습니다.|Gedacht für den Start in die Hölle 1-3, du hast gerade Stufe 100 erreicht und beginnst, Karten zu farmen. Niedrigstufige Nicht-Satanische Gegenstände werden entfernt und du suchst nach guten Runenwort-Basen, um Sockel herzustellen.|Destiné à commencer l'Enfer 1-3, vous venez d'atteindre le niveau 100 et commencez à farmer des cartes. Les objets de bas niveau non sataniques sont supprimés et vous cherchez de bonnes bases de mots runiques pour créer des emplacements.
loot_filter_preset_hell_midgame|Intended for Hell 3-5, you are climbing through the Incarnation Tree, and at this point will have fully equipped B+ tier Satanics or S tier Mythics. You are looking for very specific Runeword bases to craft on.|Tarkoitettu Hell 3-5:lle, kiipeät Inkarnaatiopuun läpi, ja tässä vaiheessa sinulla on täysin varustettu B+-tason Satanics tai S-tason mythics. Etsit erittäin erityisiä Runeword-pohjaisia ​​​​käsityksiä varten.|Destinado para o Inferno 3-5, você está subindo na Árvore da Incarnação, e neste ponto vai estar completamente equipado com satânicos de tier B+ ou Míticos de tier S. Você está procurando por bases de Runeword bem específicas para criar.| Предназначен для ада 3-5|適用於地獄3-5，你正在配置化身之樹，此時你將裝備滿B+等級的撒旦物品或S級的神話物品。你正在尋找非常特定的符文之語基底來製作。|地獄3-5を目指すためのもので、インカーネーションツリーを登っており、この時点でB+ランクのサタニックアイテムまたはSランクのミシックアイテムを完全に装備しています。非常に特定のルーンワードのベースを探して作成しています。|헬 3-5를 목표로 합니다. 지금은 화신 트리(영웅레벨)를 올라가고 있으며, 이 시점에서 B+ 티어의 사탄 또는 S 티어의 미틱 아이템을 모두 장착하고 있습니다. 매우 특정한 룬워드 베이스를 찾아 소켓을 제작하려고 합니다.|Gedacht für die Hölle 3-5, du kletterst durch den Inkarnationbaum und hast zu diesem Zeitpunkt vollständig mit B+-Satanischen oder S-Mythischen Gegenständen ausgestattet. Du suchst nach sehr spezifischen Runenwort-Basen, um sie herzustellen.|Destiné à l'Enfer 3-5, vous grimpez dans l'Arbre de l'Incarnation et à ce stade, vous aurez entièrement équipé des objets sataniques de niveau B+ ou mythiques de niveau S. Vous cherchez des bases de mots runiques très spécifiques à fabriquer.
loot_filter_preset_hell_endgame|Intended for Hell 5+ speedfarming. At this point you are only looking for the very best Runeword bases, you also only care about A+ Satanics. You will have full charm slots, and are looking for very specific S tier charms.|Tarkoitettu Hell 5+ speedfarmingiin. Tässä vaiheessa etsit vain parhaita Runeword-pohjia, välität myös vain A+ Satanicsista. Sinulla on täysi hurmauspaikka ja etsit hyvin erityisiä S-tason hurmaa.|Destinado para limpeza rápida do Inferno 5+. Neste ponto, você está procurando apenas pelas melhores bases de Runeword, e você também só liga pra Satânicos de tier A+. Você vai ter todos os espaços de talismã, e está procurando por talismãs de tier S específicos.| Предназначен для скоростного фарма уровня Hell 5+. На этом этапе вы ищете только самые лучшие базы рунных слов|適用於地獄5+的快速刷怪。在這個階段，你只尋找最好的符文之語基底，你也只關心A+等級的撒旦物品。你將填滿所有護符槽，並尋找非常特定的S級護符。|地獄5+のスピードファーミングを目的としています。この時点で、最良のルーンワードのベースのみを探しており、A+ランクのサタニックアイテムのみを気にしています。チャームスロットを完全に埋めており、非常に特定のSランクのチャームを探しています。|지옥 5+ 스피드 파밍을 위한 것입니다. 이 시점에서 최고의 룬워드 베이스만을 찾고 있으며, A+ 등급의 사탄 아이템에만 관심이 있습니다. 모든 참 슬롯을 채웠고, 매우 특정한 S 등급 참을 찾고 있습니다. |Gedacht für schnelles Farmen in der Hölle 5+. Zu diesem Zeitpunkt suchst du nur nach den besten Runenwort-Basen und interessierst dich nur für A+-Satanische Gegenstände. Du wirst alle Charmslots füllen und suchst nach sehr spezifischen S-Tier-Charms.|Destiné au speedfarming de l'Enfer 5+. À ce stade, vous ne cherchez que les meilleures bases de mots runiques, vous ne vous souciez que des objets sataniques de niveau A+. Vous aurez tous les emplacements de charmes remplis et cherchez des charmes de niveau S très spécifiques.
loot_filter_preset_hell_endgame_norw|Intended for Hell 5+ speedfarming. You are only looking for A+ tier Satanics and are skipping Runewords.|Tarkoitettu Hell 5+ speedfarmingiin. Etsit vain A+-tason satanismia ja ohitat runewords.|Destinado para limpeza rápida do Inferno 5+. Você está apenas procurando por Satânicos de tier A+ e está pulando runewords.| Предназначено для скоростного фарма уровня Hell 5+. Вы ищете только сатанистов уровня A+ и пропускаете рунные слова.|適用於地獄5+的快速刷怪。你只尋找A+等級的撒旦物品，並且跳過符文之語。|地獄5+のスピードファーミングを目的としています。A+ランクのサタニックアイテムのみを探しており、ルーンワードをスキップしています。|지옥 5+ 스피드 파밍을 위한 것입니다. A+ 등급의 사탄 아이템만을 찾고 있으며 룬워드는 건너뜁니다. |Gedacht für schnelles Farmen in der Hölle 5+. Du suchst nur nach A+-Satanischen Gegenständen und überspringst Runenwörter.|Destiné au speedfarming de l'Enfer 5+. Vous ne cherchez que des objets sataniques de niveau A+ et sautez les mots runiques.
loot_filter_preset_normal|Intended for playing through the campaign on Normal difficulty. Low tier white items and non Runeword bases, such as Rings and Belts are disabled, everything else is enabled encouraging you to pick up items on the ground as you level.|Tarkoitettu kampanjan pelaamiseen normaalilla vaikeusasteella. Matalan tason valkoiset esineet ja muut kuin Runeword-pohjat, kuten sormukset ja vyöt, on poistettu käytöstä. Kaikki muu on käytössä, mikä rohkaisee sinua poimimaan esineitä maasta tasoitessasi.|Destinado para jogar pela campanha na dificuldade Normal. Itens brancos de tier baixo e não-bases de runeword, como anéis e cintos são desativados, todo o resto é ativado te encorajando a pegar itens no chão enquanto passa de nível.| Предназначен для прохождения кампании на уровне сложности Normal. Белые предметы низкого уровня и базы без рунных слов.|適用於在普通難度下進行戰役。低級白色物品和非符文之語基底，如戒指和腰帶被禁用，其他所有物品啟用，鼓勵你在升級時撿起地上的物品。|ノーマル難易度でキャンペーンをプレイするためのものです。低レベルの白いアイテムやルーンワードのベースでないもの（例：リングやベルト）は無効にされており、他のすべてのアイテムは有効にされているため、レベルアップ時に地面のアイテムを拾うことが奨励されています。|일반 난이도로 캠페인을 진행하기 위한 것입니다. 저등급 흰색 아이템과 룬워드 베이스가 아닌 아이템(예: 반지 및 벨트)은 비활성화되고, 다른 모든 것은 활성화되어 레벨업하면서 아이템을 줍는 것을 권장합니다.|Gedacht für das Spielen der Kampagne auf normaler Schwierigkeit. Niedrigstufige weiße Gegenstände und keine Runenwort-Basen wie Ringe und Gürtel sind deaktiviert, alles andere ist aktiviert, was dich ermutigt, Gegenstände auf dem Boden aufzuheben, während du levelst.|Destiné à jouer à la campagne en difficulté Normale. Les objets blancs de bas niveau et les bases non runiques, comme les anneaux et les ceintures, sont désactivés, tout le reste est activé, vous encourageant à ramasser des objets au sol pendant que vous montez en niveau.
loot_filter_title_nightmare|Nightmare|Painajainen|Pesadelo| Кошмар|惡夢|ナイトメア |나이트메어|Albtraum |Cauchemar 
loot_filter_title_hell_early|Early Hell|Varhainen helvetti|Começo no Inferno| Ранний Ад|早期地獄|初期の地獄 |초기 헬|Frühe Hölle |Enfer Débutant 
loot_filter_title_hell_midgame|Midgame Hell|Keskipelin helvetti|Meio de Jogo no Inferno| Ад в середине игры|中期地獄|中期の地獄 |중기 헬|Mittlere Hölle |Enfer Intermédiaire 
loot_filter_title_hell_endgame|Endgame Hell|Loppupelin helvetti|Fim de Jogo no Inferno| Ад в конце игры|後期地獄|後期の地獄 |후기 헬|Endspielhölle |Enfer Final 
loot_filter_title_hell_endgame_norw|Endgame Hell, no RW|Endgame Hell, ei RW|Fim de Jogo no Inferno, sem RW| Ад в конце игры|後期地獄，無符文之語|後期の地獄、ルーンワードなし |후기 헬, 룬워드 없음|Endspielhölle, keine Runenwörter |Enfer Final, sans Mots Runiques 
loot_filter_title_normal|Normal|Normaali |Normal| Нормальный|普通|ノーマル |노멀|Normal |Normal 
|||||||||||
highlight_filter_physical_attacker|Physical Attacker|Fyysinen hyökkääjä|Atacante Físico | Физический атакующий|物理攻擊者|物理アタッカー |물리 어태커|Physischer Angreifer |Attaquant Physique 
highlight_filter_arcane_attacker|Arcane Attacker|Arkaaninen hyökkääjä|Atacante Arcano | Аркан атакующий|奧術攻擊者|アーケインアタッカー |아케인 어태커|Arkaner Angreifer |Attaquant Arcanique 
highlight_filter_poison_attacker|Poison Attacker|Myrkkyhyökkääjä|Atacante de Veneno | Ядовитый атакующий|毒素攻擊者|毒アタッカー |독 어태커|Giftangreifer |Attaquant Toxique 
highlight_filter_lightning_attacker|Lightning Attacker|Salaman hyökkääjä|Atacante de Relâmpago | Молниевый атакующий|閃電攻擊者|雷アタッカー |번개 어태커|Blitzangreifer |Attaquant Éclair 
highlight_filter_cold_attacker|Cold Attacker|Kylmä hyökkääjä|Atacante de Gelo | Холодный атакующий|冰霜攻擊者|冷気アタッカー |냉기 어태커|Kälteangreifer |Attaquant Glacial 
highlight_filter_fire_attacker|Fire Attacker|Palon hyökkääjä|Atacante de Fogo | Огненный атакующий|火焰攻擊者|火炎アタッカー |화염 어태커|Feuerangreifer |Attaquant de Feu 
highlight_filter_physical_caster|Physical Caster|Fyysinen pyörä|Conjurador Físico | Физический заклинатель|物理施法者|物理キャスター |물리 캐스터|Physischer Zauberer |Lanceur Physique 
highlight_filter_arcane_caster|Arcane Caster|Arkaaninen Caster|Conjurador Arcano | Аркан заклинатель|奧術施法者|アーケインキャスター |비전 캐스터|Arkaner Zauberer |Lanceur Arcanique 
highlight_filter_poison_caster|Poison Caster|Poison Caster|Conjurador de Veneno | Ядовитый заклинатель|毒性施法者|毒キャスター |독 캐스터|Giftzauberer |Lanceur Toxique 
highlight_filter_lightning_caster|Lightning Caster|Lightning Caster|Conjurador de Relâmpago | Молниевый заклинатель|閃電施法者|雷キャスター |번개 캐스터|Blitzzauberer |Lanceur d'Éclair 
highlight_filter_cold_caster|Cold Caster|Kylmä Caster|Conjurador de Gelo | Холодный заклинатель|冰霜施法者|冷気キャスター |냉기 캐스터|Kältezauberer |Lanceur Glacial 
highlight_filter_fire_caster|Fire Caster|Tuli Caster|Conjurador de Fogo | Огненный заклинатель|火焰施法者|火炎キャスター |화염 캐스터|Feuerzauberer |Lanceur de Feu 
highlight_filter_life_stacker|Life Stacker|Life Stacker|Acumulador de Vida | Лайфстакер|生命堆疊者|生命スタッカー |생명 스태커|Lebensstapler |Accumulateur de Vie 
highlight_filter_mana_stacker|Mana Stacker|Mana Stacker|Acumulador de Mana | Манастакер|魔法堆疊者|マナスタッカー |마나 스태커|Manastapler |Accumulateur de Mana 
highlight_filter_damage_return|Damage Return|Vahingon palautus |Retorno de Dano | Возврат урона|傷害反彈|ダメージリターン |피해 반환|Schadensrückgabe |Renvoi de Dégâts 
|||||||||||
[Context Menu]|||||||||||
context_inventory|Inventory||Inventário|Инвентарь|背包|インベントリ|인벤토리|Inventar|Inventaire|Inventario|Spis 
context_talents|Attributes & Skills||Atributos e Habilidades|Атрибуты и навыки|屬性與技能|属性とスキル|속성 및 스킬|Attribute & Fertigkeiten|Attributs et compétences|Atributos y habilidades|Atrybuty i umiejętności
context_townportal|Town Portal||Portal da Cidade|Городской портал|城鎮傳送門|タウンポータル|마을 포털|Stadtportal|Portail de la ville|Portal de la ciudad|Portal do miasta
context_lootfilter|Loot Filter||Filtro de Saque|Фильтр добычи|戰利品篩選器|戦利品フィルター|전리품 필터|Beutefilter|Filtre de butin|Filtro de botín|Filtr łupów
context_chat|Chat||Chat|Чат|聊天|チャット|채팅|Chat|Chat|Chat|Czat
context_playerlist|Player List||Lista de Jogadores|Список игроков|玩家列表|プレイヤーリスト|플레이어 목록|Spielerliste|Liste des joueurs|Lista de jugadores|Lista graczy
context_customize|Character Customization||Personalização de Personagem|Настройка персонажа|角色自定義|キャラクターカスタマイズ|캐릭터 꾸미기|Charakteranpassung|Personnalisation du personnage|Personalización de personajes|Personalizacja postaci
context_shop|Shop||Loja|Магазин|商店|ショップ|상점|Shop|Boutique|Tienda|Sklep
context_inventory_loadout|Inventory Loadout||Configuração de Inventário|Набор снаряжения в инвентаре|背包裝備配置|インベントリ装備一覧|인벤토리 장비 구성|Inventar-Ausrüstung|Équipement|Equipamiento del inventario|Zestaw ekwipunku
context_skill_loadout|Skill Loadout||Configuração de Habilidades|Набор навыков|技能配置|スキル装備一覧|스킬 장비 구성|Fähigkeiten-Ausrüstung|Équipement des compétences|Equipamiento de habilidades|Zestaw umiejętności
context_journal|Journal||Diário|Журнал|日誌|ジャーナル|일지|Tagebuch|Journal |Diario|Dziennik 
context_emote|Emote Menu||Menu de Emotes |Меню эмоций |表情選單 |エモートメニュー |감정 표현 메뉴 |Emote-Menü|Menu d'émoticônes |Menú de gestos |Menu emotek 
|||||||||||
input_select|Select||Selecionar|Выбрать|選擇|選択|선택|Auswählen|Sélectionner|Seleccionar|Wybierz
input_remove|Remove||Remover|Удалить|消除|削除|제거|Entfernen|Supprimer|Eliminar|Usuń
input_zoom|Zoom||Zoom|Масштабировать|縮放路徑|ズーム|확대/축소|Zoomen|Zoom|Zoom|Powiększ
input_path|Path||Caminho |Путь |路徑 |パス |경로 |Pfad|Chemin |Ruta |Ścieżka 
|||||||||||
context_maximum_range|Max Range||Alcance máximo|Максимальная дальность|最大攻擊範圍|最大射程|최대 범위|Maximale Reichweite|Portée maximale|Alcance máximo|Maksymalny zasięg
context_minimum_range|Min Range||Alcance mínimo|Минимальная дальность|最小攻擊範圍|最小射程|최소 범위|Minimale Reichweite|Portée minimale|Alcance mínimo|Minimalny zasięg 
context_range_explanation|Adjust your characters action range with your Right Thumbstick||Ajuste o alcance de ação do seu personagem com o analógico direito. |Регулируйте дальность действия вашего персонажа с помощью правого стика |使用右搖桿調整角色的行動範圍。 |右スティックでキャラクターのアクション範囲を調整してください |오른쪽 엄지 스틱으로 캐릭터의 동작 범위를 조정하세요. |Passe die Aktionsreichweite deiner Spielfigur mit dem rechten Analogstick an.|Ajustez la portée d'action de votre personnage avec le joystick droit. |Ajusta el rango de acción de tu personaje con el joystick derecho. |Dostosuj zakres akcji swojej postaci za pomocą prawego drążka analogowego 
context_meter_explanation|Move the DPS Meter around with your Right Thumbstick||||用右搖桿移動DPS計量條||||||
context_meter_boss_explanation|Move the Boss Cooldown Meter around with your Right Thumbstick||||用右搖桿移動Boss冷卻時間條。||||||
context_range|Adjust Action Range||||調整動作範圍||||||
context_meter|Move DPS Meter||||移動DPS計量器||||||
context_meter_boss|Move Boss Cooldown Meter||||移動Boss冷卻時間條||||||
context_meter_boss_resize|Resize the box with your Right Thumbstick||||使用右搖桿調整框的大小||||||
context_inspect_buffs|Inspect Active Buffs||||檢查生效的增益效果||||||
