[Blood Pact modifiers]|||||||||||
blood_pact_pack_size|Extra monster pack sizes|Ylimääräiset hirviöpakkauskoot|Tamanhos extras de pacotes de monstros|Дополнительные размеры групп монстров|額外的怪物群大小|追加モンスター群サイズ|추가 몬스터 무리 크기|Zusätzliche Monstergruppengrößen|Tailles de pack de monstres supplémentaires|Tamaños extra de grupos de monstruos|Rozmiar paczek potworów
blood_pact_magic_find|Magic Find|Maaginen löytö|Descoberta Mágica|Найти Magic|掉寶率|魔法の発見|마법 찾기|Magisches Gespür|Trouve magique|Hallazgo Mágico|Szansa na magiczne przedmioty
blood_pact_as_cast_rate|Attack Speed / Cast Rate|Hyökkäysnopeus / heittonopeus|Velocidade de Ataque/Taxa de Conjuração|Скорость атаки/Скорость каста|攻擊速度/施法速度|攻撃速度/キャスト率|공격 속도/시전 속도|Angriffsgeschwindigkeit/Zauberrate|Vitesse d'attaque / Taux d'incantation|Velocidad de Ataque / Tasa de Lanzamiento|Szybkość ataku / Szybkość rzucania
blood_pact_angelic_rate|Angelic/Unholy drop rate|Angelic/Unpyhä pudotusprosentit|Taxas de queda Angelical/Profana|Скорость выпадения Angelic/Unholy|天使/邪惡的掉落率|天使/不浄のドロップ率|천사/타락 드랍률|Dropraten für Engel/Unheilig|Taux d'apparition des Anges/Impies|Probabilidad de caída Angélical/Impía|Szansa na drop Angelic/Unholy
blood_pact_heroic_rate|SS Satanic/Heroic drop rate|SS Satanic/Heroic pudotusnopeudet|Taxas de queda SS Satânica/Heróica|Скорость выпадения SS Satanic/Heroic|SS階惡魔/英雄的掉落率|SS 悪魔/英雄のドロップ率|SS 사탄/영웅 드랍률|Dropraten für SS Satanic/Heroic|Taux d'apparition des SS Sataniques/Héroïques|Probabilidad de caída Satánica SS/Heroica|Szansa na drop SS Satanic/Heroic
blood_pact_experience_gain|Experience gain|Kokemuksen saaminen|Ganho de experiência|Прирост опыта|經驗值增加|経験値獲得|경험치 획득|Erfahrungsgewinn|Gain d'expérience|Ganancia de Experiencia|Zdobywanie doświadczenia
blood_pact_movement_speed|Total Movement Speed|Kokonaisliikenopeus|Velocidade Total de Movimento|Общая скорость передвижения|總移動速度|合計移動速度|총 이동 속도|Gesamtbewegungsgeschwindigkeit|Vitesse de déplacement totale|Velocidad de Movimiento Total|Całkowita prędkość ruchu
blood_pact_total_damage|Total Damage dealt|Kokonaisvahingot|Dano Total causado|Общий нанесенный урон|總傷害|合計ダメージ|총 데미지|Gesamtschaden|Dégâts totaux infligés|Daño Total Infligido|Całkowite zadawane obrażenia
blood_pact_dimension_shards|Dimensional Shards needed|Mittaiset sirpaleet tarvitaan|Fragmentos Dimensionais necessários|Необходимые пространственные осколки|次元碎片的需求量|必要な次元の破片|필요한 차원 파편|Benötigte Dimensionssplitter|Éclats dimensionnels nécessaires|Fragmentos Dimensionales Necesarios|Wymagane Dimensional Shards
blood_pact_battle_fragments|Battle Fragments needed|Taistelufragmentteja tarvitaan|Fragmentos de Batalha necessários|Необходимые фрагменты битвы|戰鬥碎片的需求量|必要な戦闘フラグメント|필요한 전투 조각|Benötigte Kampffragmente|Fragments de combat nécessaires|Fragmentos de Batalla Necesarios|Wymagane Battle Fragments
blood_pact_prime_evil_parts|Prime Evil part drop rate|Prime Evil -osien pudotusprosentit|Taxas de queda de partes do Mal Primordial|Скорость выпадения частей Prime Evil|章節BOSS的部位掉落率|プライム イービル パーツのドロップ率|프라임 이블 파트 드랍률|Dropraten für Ürbosen-Teile|Taux d'apparition des pièces du Mal primordial|Probabilidad de caída de partes de Mal Primario|Szansa na drop części Prime Evil
blood_pact_rune_rate|Rune drop rate|Riimujen pudotusnopeudet|Taxas de queda de Runas|Скорость выпадения рун|符文掉落率|ルーンのドロップ率|룬 드랍률|Runen Droprate|Taux d'apparition des runes|Probabilidad de caída de Runas|Szansa na drop run
blood_pact_extra_sub_skills|Extra sub skill points|Ylimääräiset osataitopisteet|Pontos extras de sub-habilidade|Дополнительные очки дополнительных навыков|額外的分支技能點數|追加のサブスキル ポイント|추가 서브 스킬 포인트|Zusätzliche Nebenfertigkeitspunkte|Points de sous-compétence supplémentaires|Puntos de sub-habilidades extras|Dodatkowe punkty podumiejętności
blood_pact_chaos_tower_spawn_rate|Chaos Tower spawn rate|Chaos Towerin syntymisnopeus|Taxa de geração da Torre do Caos|Скорость появления Chaos Tower|混沌之塔的生成機率|カオス タワーの出現率|카오스 타워 생성률|Spawnrate für Chaostürme|Taux d'apparition de la Tour du Chaos|Tasa de aparición de la Torre del Caos|Szansa na spawn Chaos Tower
blood_pact_eternal_battle_field_rate|Battle Field spawn rate|Taistelukentän syntymisnopeus|Taxa de geração do Campo de Batalha|Скорость появления Battle Field|永恆戰場的生成機率|戦闘フィールドの出現率|전장 생성률|Spawnrate für Schlachtfelder|Taux d'apparition du Champ de bataille|Tasa de aparición del Campo de Batalla|Szansa na spawn Battle Field
blood_pact_rift_rate|Rift spawn rate|Rift spawn rate|Taxa de geração da Fenda|Скорость появления Rift|不穩定裂縫的生成機率|リフトの出現率|균열 생성률|Spawnrate für Risse|Taux d'apparition des Faille|Tasa de aparición de Grietas|Szansa na spawn Rift
blood_pact_dungeon_key_rate|Dungeon Key drop rate|Dungeon Key -pudotusnopeus |Taxa de geração da Chave da Masmorra|Скорость выпадения Dungeon Key|地城鑰匙掉落率|ダンジョン キーのドロップ率|던전 열쇠 드랍률|Dungeonschlüssel Droprate|Taux d'apparition des Clés de donjon|Probabilidad de caída de Llave de Mazmorra|Szansa na drop Dungeon Key
blood_pact_disable_uniques|Disable unique drops|Poista käytöstä ainutlaatuiset dropit|Desativar itens únicos|Отключить уникальные выпадения|禁用獨特掉落|固有ドロップを無効化|유니크 드롭 비활성화|Einzigartige Beute deaktivieren|Désactiver les objets uniques|Deshabilitar caídas de objetos únicos|Wyłącz drop unikalnych przedmiotów
blood_pact_colosseum_fragments|Colosseum Fragments needed|Colosseum Fragmentteja tarvitaan|Fragmentos do Coliseu necessários|Необходимы фрагменты Колизея|所需鬥獸場碎片|必要なコロシアムフラグメント|콜로세움 조각 필요|Benötigte Kolosseumfragmente|Fragments du Colisée requis|Fragmentos de Coliseo necesarios|Wymagane Colosseum Fragments
blood_pact_satanic_rate|Satanic drop rate|Saatanallinen pudotusnopeus|Taxa de itens satânicos|Скорость выпадения сатанинских предметов|惡魔裝備掉落率|サタニックドロップ率|사탄 트롭률|Satanische Droprate|Taux d'abandon satanique |Probabilidad de caída de Satánicos|Szansa na drop Satanic
blood_pact_relic_rate|Relic drop rate|Relic-pudotusnopeus|Taxa de itens de relíquias|Скорость выпадения реликвий|遺物掉落率|レリックドロップ率|유물 드랍률|Relikt Droprate|Taux d'obtention de reliques|Probabilidad de caída de Reliquias|Szansa na drop reliktów
blood_pact_gold_rate|Extra Gold per Monster kill|Ylimääräistä kultaa per hirviön tappo|Ouro extra por monstro morto|Дополнительное золото за убийство монстра|擊殺怪物額外獲得金幣|モンスターを倒すごとにゴールド追加獲得|몬스터 처치시 추가 골드|Extra-Gold pro Monster-Kill|Or supplémentaire par monstre tué|Oro extra por muerte de Monstruo|Dodatkowe złoto za zabicie potwora
blood_pact_boss_gem_rate|Boss Gem drop rate|Boss Gem -pudotusnopeus|Taxa de itens de gemas do chefe|Скорость выпадения драгоценных камней босса|BOSS寶石掉落率|ボスジェムドロップ率|보스 젬 드랍률|Boss-Edelstein Droprate|Taux d'obtention de gemmes de boss|Probabilidad de caída de Gemas de Jefe|Szansa na drop Boss Gem
blood_pact_angelic_rune_rate|Angelic Rune drop rate|Enkeliriimun pudotusnopeus|Taxa de itens de runas angelicais|Скорость выпадения ангельских рун|天使符文掉落率|エンジェリックルーンドロップ率|천사 룬 드랍률|Engelsrunen Droprate|Taux d'obtention de runes angéliques|Probabilidad de caída de Runas Angélicas|Szansa na drop Angelic Rune
blood_pact_extra_ore|Extra ore drops|Ylimääräisiä malmipisaroita|Itens extras de minério|Дополнительные выпадения руды|額外礦石掉落率|鉱石ドロップ追加|추가 광물 드랍률|Extra-Erzbeute|Objets de minerai supplémentaires|Caída extra de minerales|Dodatkowe dropy rudy
blood_pact_bifrost_key_rate|Bifröst Key drop rate|Bifröst-avaimen pudotusnopeus|Taxa de itens de chaves Bifröst|Скорость выпадения ключа Bifröst|彩虹橋鑰匙掉落率|ビフロストキードロップ率|비프로스트 열쇠 드랍률|Bifröst-Schlüssel Droprate|Taux d'obtention de clés Bifröst|Probabilidad de caída de Llaves Bifröst|Szansa na drop Bifröst Key
blood_pact_monster_life|Extra Monster life|Ylimääräistä hirviöelämää|Vida extra do monstro|Дополнительная жизнь монстра|額外怪物生命值|モンスターライフ追加|추가 몬스터 생명력|Extra-Monsterleben|Vies supplémentaires des monstres|Vida extra de Monstruos|Dodatkowe życie potworów
blood_pact_monster_damage|Extra Monster damage|Ylimääräinen hirviövaurio|Dano extra do monstro|Дополнительный урон монстру|額外怪物傷害|モンスターダメージ追加|추가 몬스터 데미지|Extra-Monsterschaden|Dégâts supplémentaires des monstres|Daño extra de Monstruos|Dodatkowe obrażenia potworów
blood_pact_scroll_of_ra|Scroll of Ra drop rate|Selaa Ra-pudotusnopeutta|Taxa de itens de pergaminhos de Ra|Скорость выпадения свитка Ра|拉之捲軸掉落率|ラーの巻物ドロップ率|라 스크롤 드랍률|Schriftrolle des Ra|Taux d'obtention de parchemins de Râ|Probabilidad de caída de Pergaminos de Ra|Szansa na drop Scroll of Ra
blood_pact_orb_rate|Orb drop rate|Orb pudotusnopeus |Taxa de itens de orbes |Скорость выпадения сферы |寶珠掉落率 |オーブドロップ率 |오브 드랍률|Kodexkugel Droprate|Taux d'obtention d'orbes |Probabilidad de caída de Orbes|Szansa na drop Orb
|||||||||||
[Blood Pact]|||||||||||
blood_pact_leave_prompt|Are you sure you want to leave the Blood Pact? You can not return unless you are invited again.|Oletko varma, että haluat erota verivalasta? Et voi palata, ellei sinua kutsuta uudelleen.|Tem certeza de que deseja sair do Pacto de Sangue? Você não pode retornar a menos que seja convidado novamente.|Вы уверены, что хотите покинуть Blood Pact? Вы не сможете вернуться, если вас не пригласят снова.|您確定要退出血契聯盟嗎？除非您再次受到邀請，否則您將無法返回該血契聯盟。|血の契約を脱退してもよろしいですか? 再度招待されない限り、戻ることはできません。|블러드 팩트를 떠나시겠습니까? 다시 초대받지 않는 한 돌아올 수 없습니다.|Möchten Sie den Blutpakt wirklich verlassen? Sie können nicht zurückkehren, es sei denn, Sie werden erneut eingeladen.|Êtes-vous sûr de vouloir quitter le pacte de sang ? Vous ne pouvez pas revenir à moins d'être invité à nouveau.|¿Estás seguro de que quieres abandonar el Pacto de Sangre? No podrás regresar a menos que te inviten de nuevo.|Czy na pewno chcesz opuścić Blood Pact? Nie będziesz mógł wrócić, dopóki nie zostaniesz ponownie zaproszony.
blood_pact_start_prompt|Are you sure you want to start the Blood Pact?|Oletko varma, että haluat aloittaa verivalan?|Tem certeza de que deseja iniciar o Pacto de Sangue?|Вы уверены, что хотите начать Blood Pact?|您確定要開始血契嗎？|血の契約を開始してもよろしいですか?|블러드 팩트를 시작하시겠습니까?|Möchten Sie den Blutpakt wirklich beginnen?|Êtes-vous sûr de vouloir commencer le pacte de sang ?|¿Estás seguro de que quieres iniciar el Pacto de Sangre?|Czy na pewno chcesz rozpocząć Blood Pact?
blood_pact_join_prompt|Are you sure you want to join this Blood Pact?|Oletko varma, että haluat liittyä tähän verivalaan?|Tem certeza de que deseja participar deste Pacto de Sangue?|Вы уверены, что хотите присоединиться к этому Blood Pact?|您確定要加入這個血契嗎？|この血の契約に参加してもよろしいですか?|이 블러드 팩트에 가입하시겠습니까?|Möchten Sie diesem Blutpakt wirklich beitreten?|Êtes-vous sûr de vouloir rejoindre ce pacte de sang ?|¿Estás seguro de que quieres unirte a este Pacto de Sangre?|Czy na pewno chcesz dołączyć do tego Blood Pact?
blood_pact_enter_account|Enter account id|Anna tilin tunnus|Insira o ID da conta|Введите идентификатор учетной записи|輸入帳號 ID|アカウント ID を入力してください|계정 ID를 입력하세요|Geben Sie die Konto-ID ein|Entrez l'identifiant du compte|Introduce la ID de cuenta.|Wpisz ID konta
blood_pact_invite_send_success|[c_red][wavy]Invite sent succesfully![c_reset][shake_reset]|[c_red][wavy]Kutsu lähetetty onnistuneesti![c_reset][shake_reset]|[c_red][wavy]Convite enviado com sucesso![c_reset][shake_reset]|[c_red][wavy]Приглашение успешно отправлено![c_reset][shake_reset]|[c_red][wavy]邀請發送成功！[c_reset][shake_reset]|[c_red][wavy]招待が正常に送信されました![c_reset][shake_reset]|[c_red][wavy]초대가 성공적으로 전송되었습니다![c_reset][shake_reset]|[c_red][wavy]Einladung erfolgreich gesendet![c_reset][shake_reset]|[c_red][wavy]Invitation envoyée avec succès ![c_reset][shake_reset]|¡[c_red][wavy]Invitación enviada con éxito![c_reset][shake_reset]|[c_red][wavy]Zaproszenie wysłane pomyślnie![c_reset][shake_reset]
blood_pact_invite_send_failed|[c_red]Invite send failed...[c_reset]|[c_red]Kutsun lähetys epäonnistui...[c_reset]|[c_red]Falha no envio do convite...[c_reset]|[c_red]Отправка приглашения не удалась...[c_reset]|[c_red]邀請發送失敗...[c_reset]|[c_red]招待の送信に失敗しました...[c_reset]|[c_red]초대 전송 실패...[c_reset]|[c_red]Einladung konnte nicht gesendet werden...[c_reset]|[c_red]Envoi de l'invitation échoué...[c_reset]|[c_red]Fallo al enviar la invitación...[c_reset]|[c_red]Wysyłanie zaproszenia nie powiodło się...[c_reset]
blood_pact_custom_modifiers|Your [c_red]Custom Modifiers[c_reset]|Omat [c_red]muokkauksesi:[c_reset]|Seus [c_red]Modificadores personalizados:[c_reset]|Ваши [c_red]Пользовательские модификаторы:[c_reset]|您的 [c_red]自定義修飾詞：[c_reset]|[c_red]カスタム修飾子:[c_reset]|귀하의 [c_red]커스텀 수정자:[c_reset]|Ihre [c_red]Benutzerdefinierten Modifikatoren:[c_reset]|Vos [c_red]Modificateurs personnalisés :[c_reset]|Tus [c_red]Modificadores Personalizados:[c_reset]|Twoje [c_red]niestandardowe modyfikatory[c_reset]
blood_pact_extend|Extend|Lisää kestoa|Estender|Продлить|延長|延長|연장|Verlängern|Prolonger|Extender|Przedłuż
blood_pact_expand|Expand|Laajenna|Expandir |Расширять |擴充 |拡大|확대|Expandieren|Développer |Expandir|Rozszerz
blood_pact_ends|Blood Pact ends:|Verivala päättyy:|Pacto de Sangue termina:|Blood Pact заканчивается:|血契結束：|血の契約終了:|블러드 팩트 계약 종료:|Blutspakt endet:|Le pacte de sang se termine :|El Pacto de Sangre termina:|Blood Pact kończy się:
blood_pact_ended|Blood Pact ended|Verivala päättyi|Pacto de Sangue terminou|Blood Pact закончился|血契結束|血の契約が終了しました|블러드 팩트 종료|Blutpakt beendet|Le pacte de sang s'est terminé|Pacto de Sangre terminado|Blood Pact zakończony
blood_pact_invite_one|Blood Pact invite|Verivalakutsu|Convite de Pacto de Sangue|Blood Pact приглашение|血契邀請|血の契約の招待|블러드 팩트 초대|Blutpakt-Einladung|Invitation au pacte de sang|Invitación de Pacto de Sangre|Zaproszenie do Blood Pact
blood_pact_invite_many|Blood Pact invites|Verivalakutsut|Convites de Pacto de Sangue |Blood Pact приглашения |血契邀請 |血の契約の招待|블러드 팩트 초대|Blutpakt-Einladungen|Invitations au pacte de sang |Invitaciones de Pacto de Sangre|Zaproszenia do Blood Pact
blood_pact_edit_available_one|Edit available|Muokkaus saatavilla|Edição disponível|Доступно редактирование|可編輯|編集可能|수정 가능|Bearbeitung möglich|Modification disponible|Edición disponible|Dostępna edycja
blood_pact_edit_available_many|Edits available|Muokkaus saatavilla|Edições disponíveis|Доступны правки|可編輯|編集可能です|수정 가능|Bearbeitungen möglich|Modifications disponibles|Ediciones disponibles|Dostępne edycje
blood_pact_list_own|Your Blood Pacts|Verisopimuksesi|Seus Pactos de Sangue|Ваши Кровавые пакты|你的血契|あなたの血の契約|당신의 블러드 팩트|Deine Blutpakte|Vos pactes de sang|Tus Pactos de Sangre|Twoje Blood Pacts
blood_pact_extend_prompt|Are you sure you want to extend the pact and consume a Blood Pact token?|Haluatko varmasti jatkaa sopimusta ja käyttää verisopimusmerkin? |Tem certeza de que deseja estender o pacto e consumir uma ficha de Pacto de Sangue? |Вы уверены, что хотите продлить пакт и использовать жетон Кровавого пакта? |你確定要延長契約並消耗血契令牌嗎？ |この契約を延長し、血の契約トークンを消費してもよろしいですか？|이 계약을 연장하고 블러드 팩트 토큰을 소비할까요?|Möchtest du den Pakt wirklich verlängern und einen Blutpakt-Token verbrauchen?|Êtes-vous sûr de vouloir prolonger le pacte et consommer un jeton Pacte de sang ? |¿Estás seguro de que quieres extender el pacto y consumir una ficha del Pacto de Sangre?|Czy na pewno chcesz przedłużyć pakt i zużyć token Blood Pact?
|||||||||||
|||||||||||
blood_pact_create_title|Create a Blood Pact|Luo verivala|Crie um Pacto de Sangue|Создать Blood Pact|創建血契|血の契約の作成|블러드 팩트 만들기|Einen Blutpakt gründen|Créer un pacte de sang|Crear un Pacto de Sangre|Utwórz Blood Pact
blood_pact_expand_title|Expand your Blood Pact|Laajenna verivalaasi|Expanda seu Pacto de Sangue |Расширьте свой Кровавый Договор |擴大你的血契 |血の契約を拡大する|당신의 블러드 팩트를 확대|Erweitern Sie Ihren Blutpakt|Élargissez votre pacte de sang |Extiende tu Pacto de Sangre|Rozszerz swój Blood Pact
blood_pact_create_info|What is a [c_red]Blood Pact[c_reset]?[nl][nl][c_red]Blood Pact[c_reset] is a customizable private league game mode.[nl][nl]They come in six sizes, in which [c_coin]10 to 250 friends[c_reset] can play together.[nl][c_red]Blood Pact[c_reset] lasts for [c_coin]15 days[c_reset]. After creation, the pact modifiers can be adjusted before starting the 15 day timer.[nl]The pact can also be extended after starting by using more [c_red]Blood Pact[c_reset] tokens.[nl][nl]Customizations include [c_aqua]drop rates[c_reset], [c_yellow]experience gain[c_reset], monster density and much more.[nl][nl]You can also manage your pending [c_red]Blood Pact[c_reset] invites here. You can be a part of up to [c_coin]20[c_reset] [c_red]Blood Pacts[c_reset] at the same time.|Mikä on [c_red]verivala[c_reset]?[nl][nl][c_red]Verivala[c_reset] on muokattavissa oleva yksityinen liigapelitila.[nl][nl]Niitä on kuusi kokoa, joihin voit kutsua joko [c_coin]10, 20, 30, 50, 100 tai 250 ystävää[c_reset].[nl][c_red]Blood Pact[c_reset] kestää [c_coin]15 päivää[c_reset]. Luomisen jälkeen sopimuksen modifioijia voidaan säätää ennen 15 päivän ajastimen käynnistämistä.[nl]Sopimusta voidaan jatkaa myös aloittamisen jälkeen ostamalla lisää [c_red]Blood Pact[c_reset] -tunnuksia.[nl][nl]Mukautukset sisältävät [c_aqua]drop rates[c_reset], [c_yellow]experience gain[c_reset] ja paljon lisää.[nl][nl]Voit myös hallinnoida odottavia [c_red]Blood Pact[c_reset] -kutsujasi täällä. |O que é um [c_red]Pacto de Sangue[c_reset]?[nl][nl][c_red]Pacto de Sangue[c_reset] é um modo de jogo de liga privada personalizável.[nl][nl]Eles vêm em seis tamanhos, para os quais você pode convidar [c_coin]10, 20, 30, 50, 100 ou 250 amigos[c_reset].[nl][c_red]Pacto de Sangue[c_reset] dura [c_coin]15 dias[c_reset]. Após a criação, os modificadores do pacto podem ser ajustados antes de iniciar o cronômetro de 15 dias.[nl]O pacto também pode ser estendido após o início comprando mais tokens de [c_red]Pacto de Sangue[c_reset].[nl][nl]As personalizações incluem [c_aqua]taxas de queda[c_reset], [c_yellow]ganho de experiência[c_reset], densidade de monstros e muito mais.[nl][nl]Você também pode gerenciar seus convites pendentes de [c_red]Pacto de Sangue[c_reset] aqui. |Что такое [c_red]Кровавый пакт[c_reset]?[nl][nl][c_red]Кровавый пакт[c_reset] — это настраиваемый режим игры в частной лиге.[nl][nl]Они бывают шести размеров, в которые вы можете пригласить [c_coin]10, 20, 30, 50, 100 или 250 друзей[c_reset].[nl][c_red]Кровавый пакт[c_reset] длится [c_coin]15 дней[c_reset]. После создания модификаторы пакта можно настроить до начала 15-дневного таймера.[nl]Пакт также можно продлить после начала, купив больше токенов [c_red]Пакта крови[c_reset].[nl][nl]Настройки включают [c_aqua]скорость выпадения[c_reset], [c_yellow]прирост опыта[c_reset], плотность монстров и многое другое.[nl][nl]Вы также можете управлять своими ожидающими приглашениями [c_red]Пакта крови[c_reset] здесь. |什麼是[c_red]血契[c_reset]？[nl][nl][c_red]血契[c_reset]是一種可自訂的私人賽季遊戲模式。[nl][nl]血契有六種規模，你可以邀請[c_coin]10、20、30、50、100 或 250 位好友[c_reset]。[nl][c_red]血契[c_reset]持續[c_coin]15 天[c_reset]。創建後，可以在開始 15 計時器之前調整契約修正詞。[nl]契約也可以在開始後透過購買更多 [c_red]血契[c_reset] 代幣來延長。[nl][nl]自定義包括 [c_aqua]掉落率[c_reset]、[c_yellow]經驗值增加[c_reset]、怪物密度等等。[nl][nl]您也可以在此處管理待處理的 [c_red]血契[c_reset] 邀請。 |[c_red]血の契約[c_reset]とは何ですか？[nl][nl][c_red]血の契約[c_reset]はカスタマイズ可能なプライベートリーグゲームモードです。[nl][nl]6つのサイズがあり、[c_coin]10、20、30、50、100、または250人の友達[c_reset]を招待できます。[nl][c_red]血の契約[c_reset]は[c_coin]15日間[c_reset]続きます。作成後、15 日間のタイマーが開始する前に、契約の修飾語を調整できます。[nl]契約は開始後に、[c_red]血の契約[c_reset] トークンをさらに購入することで延長することもできます。[nl][nl]カスタマイズには、[c_aqua]ドロップ率[c_reset]、[c_yellow]経験値獲得[c_reset]、モンスターの密度などが含まれます。[nl][nl]保留中の [c_red]血の契約[c_reset] 招待もここで管理できます。 |[c_red]블러드 팩트[c_reset]이란 무엇인가요?[nl][nl][c_red]블러드 팩트[c_reset]은 사용자 지정이 가능한 개인 리그 게임 모드입니다.[nl][nl]6가지 크기로 제공되며, [c_coin]10명, 20명, 30명, 50명, 100명 또는 250명의 친구[c_reset]를 초대할 수 있습니다.[nl][c_red]블러드 팩트[c_reset]은 [c_coin]15일[c_reset] 동안 지속됩니다. 생성 후, 15일 타이머가 시작되기 전에 계약 수정자를 조정할 수 있습니다.[nl]계약은 추가 [c_red]혈액 계약[c_reset] 토큰을 구매하여 시작한 후에도 연장할 수 있습니다.[nl][nl]사용자 지정에는 [c_aqua]드랍률[c_reset], [c_yellow]경험치 획득[c_reset], 몬스터 밀도 등이 포함됩니다.[nl][nl]보류 중인 [c_red]혈액 계약[c_reset] 초대도 여기에서 관리할 수 있습니다. |Was ist ein [c_red]Blutpakt[c_reset]?[nl][nl][c_red]Blutpakt[c_reset] ist ein anpassbarer privater Liga-Spielmodus.[nl][nl]Es gibt sechs Größen, zu denen Sie entweder [c_coin]10, 20, 30, 50, 100 oder 250 Freunde[c_reset] einladen können.[nl][c_red]Blutpakt[c_reset] dauert [c_coin]15 Tage[c_reset]. Nach der Erstellung können die Paktmodifikatoren angepasst werden, bevor der 15-Tage-Timer gestartet wird.[nl]Der Pakt kann nach dem Start auch verlängert werden, indem weitere [c_red]Blutpakt[c_reset]-Token gekauft werden.[nl][nl]Zu den Anpassungen gehören [c_aqua]Drop-Raten[c_reset], [c_yellow]Erfahrungsgewinn[c_reset], Monsterdichte und vieles mehr.[nl][nl]Sie können hier auch Ihre ausstehenden [c_red]Blutpakt[c_reset]-Einladungen verwalten.|Qu'est-ce qu'un [c_red]Pacte de sang[c_reset] ?[nl][nl][c_red]Pacte de sang[c_reset] est un mode de jeu de ligue privée personnalisable.[nl][nl]Ils sont disponibles en six tailles, auxquelles vous pouvez inviter soit [c_coin]10, 20, 30, 50, 100 ou 250 amis[c_reset].[nl][c_red]Pacte de sang[c_reset] dure [c_coin]15 jours[c_reset]. Après la création, les modificateurs du pacte peuvent être ajustés avant de démarrer le minuteur de 15 jours.[nl]Le pacte peut également être prolongé après le démarrage en achetant plus de jetons [c_red]Pacte de sang[c_reset].[nl][nl]Les personnalisations incluent les taux de drop [c_aqua][c_reset], le gain d'expérience [c_yellow][c_reset], la densité des monstres et bien plus encore.[nl][nl]Vous pouvez également gérer vos invitations [c_red]Pacte de sang[c_reset] en attente ici. |¿Qué es un [c_red]Pacto de Sangre[c_reset]? Un [nl][nl][c_red]Pacto de Sangre[c_reset] es un modo de juego de liga privada personalizable. Donde puedes invitar a tus amigos en sus seis tamaños diferentes. [c_coin]10, 20, 30, 50, 100 o 250 amigos.[c_reset] Cada [c_red]Pacto de Sangre[c_reset] dura [c_coin]15 días[c_reset]. Después de crearlo, podés ajustar sus modificadores antes de que empiece la cuenta regresiva de 15 días. También puedes extender la duración del pacto después de que empiece, comprando más fichas de [c_red]Pacto de Sangre[c_reset]. [nl][nl]Las opciones de personalización incluyen las [c_aqua]tasas de caída de objetos[c_reset], la [c_yellow]ganancia de experiencia[c_reset], la densidad de monstruos y mucho más.[nl][nl]Desde aquí puedes gestionar las invitaciones pendientes de tus [c_red]Pactos de Sangre[c_reset].|Co to jest [c_red]Blood Pact[c_reset]?[nl][nl][c_red]Blood Pact[c_reset] to konfigurowalny tryb prywatnej ligi.[nl][nl]Dostępne są sześć rozmiarów, w których [c_coin]10 do 250 przyjaciół[c_reset] może grać razem.[nl][c_red]Blood Pact[c_reset] trwa [c_coin]15 dni[c_reset]. Po utworzeniu modyfikatory paktu można dostosować przed uruchomieniem 15-dniowego timera.[nl]Pakt można również przedłużyć po rozpoczęciu za pomocą dodatkowych tokenów [c_red]Blood Pact[c_reset].[nl][nl]Dostosowania obejmują [c_aqua]szanse na drop[c_reset], [c_yellow]zdobywanie doświadczenia[c_reset], gęstość potworów i wiele więcej.[nl][nl]Możesz również zarządzać oczekującymi zaproszeniami do [c_red]Blood Pact[c_reset]. Jednocześnie możesz być częścią maksymalnie [c_coin]20[c_reset] [c_red]Blood Pactów[c_reset].
blood_pact_manage_info|Here you can manage your [c_red]Blood Pact[c_reset] before it has been started.[nl][nl]You can have up to [c_coin][var,pactSize] members[c_reset] in your [c_red]Blood Pact[c_reset].[nl][nl]You can promote members to [c_coin]Officers[c_reset].[nl]Officers can invite, uninvite and kick members of the Pact as well as [c_yellow]Edit[c_reset] the Pact settings by using [c_yellow]Edit Tokens[c_reset].[nl][nl]The [c_red]Blood Pact[c_reset] creator can edit the [c_red]Blood Pact[c_reset] description, modifiers and hardcore gamemode from the [c_coin]Edit[c_reset] menu. The [c_red]Blood Pact[c_reset] modifiers can be freely edited before starting the Pact, two times after starting the Pact and twice more at any time for each Blood Pact Token used to extend or expand the [c_red]Blood Pact[c_reset].[nl][nl]When you are happy with your [c_red]Blood Pact[c_reset] modifiers, you can start the Pact![nl][nl]Remember, a [c_red]Blood Pact[c_reset] lasts for [c_coin]15 days[c_reset] after starting![nl][nl]You can extend the [c_red]Blood Pact[c_reset] end date at any time by using a [c_coin][var,pactSize] player Blood Pact token[c_reset].[nl][nl][c_red]Blood Pact[c_reset] members can also be managed after starting.|Täällä voit hallita [c_red]Verivalaasi[c_reset] ennen kuin se on aloitettu.[nl][nl]Voit lisätä jopa [c_coin][var,pactSize] jäsentä[c_reset] [c_red]Veriliittoosi[c_reset].[nl][nl][c_red]Veriliiton[c_reset] luoja voi muokata [c_red]Veriliiton[c_reset] kuvausta, modifikaattoreita ja hardcore-pelitilaa [c_coin]Muokkaa[c_reset] -valikosta. [c_red]Veriliiton[c_reset] modifikaattoreita voi muokata vain ennen liiton aloittamista![nl][nl]Lopuksi, jos olet tyytyväinen [c_red]Veriliittosi[c_reset] modifikaattoreihin, voit aloittaa liiton![nl][nl]Muista, että [c_red]Veriliitto[c_reset] kestää [c_coin]15 päivää[c_reset] aloituksen jälkeen![nl][nl]Voit pidentää [c_red]Veriliiton[c_reset] kestoa ostamalla lisää tokeneita.[nl][nl][c_red]Veriliiton[c_reset] jäseniä voidaan hallita myös aloituksen jälkeen. |Aqui você pode gerenciar seu [c_red]Pacto de Sangue[c_reset] antes de iniciá-lo.[nl][nl]Você pode ter até [c_coin][var,pactSize] membros[c_reset] no seu [c_red]Pacto de Sangue[c_reset].[nl][nl]O criador do [c_red]Pacto de Sangue[c_reset] pode editar a descrição, os modificadores e o modo hardcore no menu [c_coin]Editar[c_reset]. Os modificadores do [c_red]Pacto de Sangue[c_reset] só podem ser editados antes de iniciar o pacto![nl][nl]Por fim, se estiver satisfeito com os modificadores do seu [c_red]Pacto de Sangue[c_reset], você pode iniciá-lo![nl][nl]Lembre-se de que um [c_red]Pacto de Sangue[c_reset] dura [c_coin]15 dias[c_reset] após o início![nl][nl]Você pode estender o tempo do [c_red]Pacto de Sangue[c_reset] comprando mais tokens.[nl][nl]Os membros do [c_red]Pacto de Sangue[c_reset] também podem ser gerenciados após o início. |Здесь вы можете управлять своим [c_red]Кровавым Пактом[c_reset] перед его началом.[nl][nl]В вашем [c_red]Кровавом Пакте[c_reset] может быть до [c_coin][var,pactSize] участников[c_reset].[nl][nl]Создатель [c_red]Кровавого Пакта[c_reset] может редактировать его описание, модификаторы и режим хардкора в меню [c_coin]Редактировать[c_reset]. Модификаторы [c_red]Кровавого Пакта[c_reset] можно изменить только до начала![nl][nl]Если вас устраивают модификаторы [c_red]Кровавого Пакта[c_reset], вы можете начать Пакт![nl][nl]Помните, что [c_red]Кровавый Пакт[c_reset] длится [c_coin]15 дней[c_reset] после начала![nl][nl]Вы можете продлить время [c_red]Кровавого Пакта[c_reset], купив дополнительные токены.[nl][nl]Управлять участниками [c_red]Кровавого Пакта[c_reset] можно и после его начала. |在這裡， 你可以在 [c_red]血契[c_reset] 啟動前進行管理。 [nl][nl]你的 [c_red]血契[c_reset] 最多可容納 [c_coin][var,pactSize] 名成員[c_reset]。 [nl][nl]你可以將成員晉升為[c_coin]幹部[c_reset]。[nl]幹部可以邀請、 取消邀請或剔除血契成員， 也能使用[c_yellow]編輯代幣[c_reset]來[c_yellow]編輯[c_reset]血契設定。 [nl][nl][c_red]血契[c_reset]的創建者可於[c_coin]編輯[c_reset]選單中修改[c_red]血契[c_reset]的描述、詞綴與專家模式。 在誓約啟動前可自由編輯[c_red]血契[c_reset]詞綴， 啟動後可編輯兩次， 且每次使用血契代幣來延長或擴充[c_red]血契[c_reset]時，都可額外獲得兩次隨時編輯的機會。 [nl][nl]當你對[c_red]血契[c_reset]的詞綴感到滿意時， 即可啟動血契！ [nl][nl]請記住，[c_red]血契[c_reset]在啟動後將持續 [c_coin]15天[c_reset]！ [nl][nl]你可以隨時使用一枚 [c_coin][var,pactSize] 人血契代幣[c_reset]來延長[c_red]血契[c_reset]的結束日期。 [nl][nl][c_red]血契[c_reset]的成員在啟動後依然可進行管理。 |ここでは、[c_red]血の誓約[c_reset] を開始する前に管理できます。[nl][nl]あなたの [c_red]血の誓約[c_reset] には最大 [c_coin][var,pactSize] 人のメンバーを追加できます[c_reset]。[nl][nl][c_red]血の誓約[c_reset] の作成者は、[c_coin]編集[c_reset] メニューから説明、修正要素、およびハードコアモードを編集できます。[c_red]血の誓約[c_reset] の修正要素は開始前にのみ編集可能です！[nl][nl]最後に、[c_red]血の誓約[c_reset] の修正要素に満足したら、誓約を開始できます！[nl][nl]覚えておいてください、[c_red]血の誓約[c_reset] は開始後 [c_coin]15 日間[c_reset] 続きます！[nl][nl]より多くのトークンを購入することで [c_red]血の誓約[c_reset] の期間を延長できます。[nl][nl]また、[c_red]血の誓約[c_reset] のメンバーは開始後も管理できます。 |여기에서 [c_red]블러드 팩트[c_reset]을 시작하기 전에 관리할 수 있습니다.[nl][nl][c_red]블러드 팩트[c_reset]에는 최대 [c_coin][var,pactSize]명의 멤버를 추가할 수 있습니다[c_reset].[nl][nl][c_red]블러드 팩트[c_reset]의 생성자는 [c_coin]편집[c_reset] 메뉴에서 설명, 수정 사항 및 하드코어 모드를 변경할 수 있습니다. [c_red]블러드 팩트[c_reset]의 수정 사항은 시작하기 전에만 변경할 수 있습니다![nl][nl]마지막으로, [c_red]블러드 팩트[c_reset]의 수정 사항이 만족스럽다면 서약을 시작하세요![nl][nl]기억하세요, [c_red]블러드 팩트[c_reset]은 시작 후 [c_coin]15일 동안[c_reset] 지속됩니다![nl][nl]추가 토큰을 구매하면 [c_red]블러드 팩트[c_reset]의 기간을 연장할 수 있습니다.[nl][nl][c_red]블러드 팩트[c_reset]의 멤버는 시작 후에도 관리할 수 있습니다. |Hier kannst du deinen [c_red]Blutpakt[c_reset] verwalten, bevor er gestartet wird.[nl][nl]Du kannst bis zu [c_coin][var,pactSize] Mitglieder[c_reset] in deinem [c_red]Blutpakt[c_reset] haben.[nl][nl]Der Ersteller des [c_red]Blutpakts[c_reset] kann die Beschreibung, Modifikatoren und den Hardcore-Modus im [c_coin]Bearbeiten[c_reset]-Menü ändern. Die [c_red]Blutpakt[c_reset]-Modifikatoren können nur vor dem Start des Pakts bearbeitet werden![nl][nl]Wenn du mit deinen [c_red]Blutpakt[c_reset]-Modifikatoren zufrieden bist, kannst du den Pakt starten![nl][nl]Denke daran, ein [c_red]Blutpakt[c_reset] dauert [c_coin]15 Tage[c_reset] nach dem Start![nl][nl]Du kannst die Laufzeit des [c_red]Blutpakts[c_reset] durch den Kauf weiterer Token verlängern.[nl][nl]Mitglieder des [c_red]Blutpakts[c_reset] können auch nach dem Start verwaltet werden.|"Ici, vous pouvez gérer votre [c_red]Pacte de sang[c_reset] avant qu'il ne soit lancé.
Vous pouvez compter jusqu'à [c_coin][var,pactSize] membres[c_reset] dans votre [c_red]Pacte de sang[c_reset].
Vous pouvez promouvoir des membres au rang d'[c_coin]officiers[c_reset]. Les officiers peuvent inviter, désinviter et exclure des membres du Pacte, ainsi que [c_yellow]modifier[c_reset] les paramètres du Pacte en utilisant des [c_yellow]jetons de modification[c_reset].
Le créateur du [c_red]Pacte de sang[c_reset] peut modifier la description, les modificateurs et le mode de jeu hardcore du [c_red]Pacte de sang[c_reset] depuis le menu [c_coin]Modifier[c_reset]. Les modificateurs du [c_red]Pacte de sang[c_reset] peuvent être modifiés librement avant le lancement du Pacte, deux fois après le lancement du Pacte, et deux fois de plus à tout moment pour chaque jeton de Pacte de sang utilisé pour prolonger ou étendre le [c_red]Pacte de sang[c_reset].
Lorsque vous êtes satisfait des modificateurs de votre [c_red]Pacte de sang[c_reset], vous pouvez lancer le Pacte !
N'oubliez pas qu'un [c_red]Pacte de sang[c_reset] dure [c_coin]15 jours[c_reset] après son lancement !
Vous pouvez prolonger la date de fin du [c_red]Pacte de sang[c_reset] à tout moment en utilisant un [c_coin]jeton de Pacte de sang de [var,pactSize] joueurs[c_reset].
Les membres du [c_red]Pacte de sang[c_reset] peuvent également être gérés après le lancement.
"|Aquí puedes gestionar tu [c_red]Pacto de Sangre[c_reset] antes de que haya comenzado. [nl][nl]Puedes tener hasta [c_coin][var,pactSize] miembros[c_reset] en tu [c_red]Pacto de Sangre[c_reset]. El creador del [c_red]Pacto de Sangre[c_reset] puede editar la descripción, los modificadores y el modo de juego Dificil desde el menú [c_coin]Editar[c_reset]. ¡Los modificadores del [c_red]Pacto de Sangre[c_reset] solo pueden editarse antes de iniciar el Pacto! [nl][nl]Por último, si estás satisfecho con los modificadores de tu [c_red]Pacto de Sangre[c_reset], ¡puedes iniciar el Pacto! [nl][nl]Recuerda, un [c_red]Pacto de Sangre[c_reset] dura [c_coin]15 días[c_reset] después de iniciarse. Puedes extender el tiempo del [c_red]Pacto de Sangre[c_reset] comprando más fichas. [nl][nl]Los miembros del [c_red]Pacto de Sangre[c_reset] también pueden gestionarse después de iniciarse.|Tutaj możesz zarządzać swoim [c_red]Blood Pact[c_reset] przed jego rozpoczęciem.[nl][nl]W twoim [c_red]Blood Pact[c_reset] może być maksymalnie [c_coin][var,pactSize] członków[c_reset].[nl][nl]Możesz awansować członków na [c_coin]Oficerów[c_reset].[nl]Oficerowie mogą zapraszać, odwoływać zaproszenia i wyrzucać członków Paktu, a także [c_yellow]edytować[c_reset] ustawienia Paktu za pomocą [c_yellow]tokenów edycji[c_reset].[nl][nl]Twórca [c_red]Blood Pact[c_reset] może edytować opis, modyfikatory i tryb hardcore z menu [c_coin]Edytuj[c_reset]. Modyfikatory [c_red]Blood Pact[c_reset] można dowolnie edytować przed rozpoczęciem Paktu, dwa razy po rozpoczęciu oraz dwa razy więcej w dowolnym momencie za każdy użyty token Blood Pact do przedłużenia lub rozszerzenia [c_red]Blood Pact[c_reset].[nl][nl]Gdy będziesz zadowolony ze swoich modyfikatorów [c_red]Blood Pact[c_reset], możesz rozpocząć Pakt![nl][nl]Pamiętaj, że [c_red]Blood Pact[c_reset] trwa [c_coin]15 dni[c_reset] od momentu rozpoczęcia![nl][nl]Możesz przedłużyć datę zakończenia [c_red]Blood Pact[c_reset] w dowolnym momencie za pomocą tokena Blood Pact dla [c_coin][var,pactSize] graczy[c_reset].[nl][nl][c_red]Członkowie Blood Pact[c_reset] mogą być również zarządzani po rozpoczęciu.
blood_pact_started_info|Your [c_red]Blood Pact[c_reset] has begun.[nl][nl]You can have up to [c_coin][var,pactSize] members[c_reset] in your [c_red]Blood Pact[c_reset].[nl][nl][c_red]Blood Pact[c_reset] members can be managed here.[nl][nl]Custom modifiers of your [c_red]Blood Pact[c_reset] can be seen on the left.[nl][nl]You can extend the [c_red]Blood Pact[c_reset] time by using more [c_coin][var,pactSize] player Blood Pact tokens[c_reset]. [c_red]Blood Pact[c_reset] can also be extended any time after it has ended, allowing you to continue from where you left off.[nl][nl]The [c_red]Blood Pact[c_reset] can also be expanded to a larger size, which also grants additional [c_coin]7 days[c_reset] to the pact.[nl]Characters in the [c_red]Blood Pact[c_reset] can only be played when the [c_red]Blood Pact[c_reset] is active.[nl][nl]Pact owner can promote members to [c_coin]Officers[c_reset].[nl]Officers can invite, uninvite and kick members of the Pact. Pact owner can also [c_yellow]Edit[c_reset] the Pact settings by using [c_yellow]Edit Tokens[c_reset].[nl][nl][c_coin]May the gods be with you![c_reset]|Sinun [c_red]Verivalasi[c_reset] on alkanut.[nl][nl]Voit lisätä enintään [c_coin][var,pactSize] jäsentä[c_reset] [c_red]Verivalaasi[c_reset].[nl][nl][c_red]Verivalan[c_reset] jäseniä voidaan hallita täällä.[nl][nl]Mukautetut muokkaimet [c_red]Verivalallesi[c_reset] näkyvät vasemmalla.[nl][nl]Voit pidentää [c_red]Verivalan[c_reset] kestoa ostamalla lisää [c_coin][var,pactSize] pelaajapoletteja[c_reset].[nl][nl]Kun [c_red]Verivala[c_reset] päättyy, sen hahmoja ei voi enää pelata.[nl][nl][c_coin]Olkoot jumalat kanssasi![c_reset] |Seu [c_red]Pacto de Sangue[c_reset] começou.[nl][nl]Você pode ter até [c_coin][var,pactSize] membros[c_reset] no seu [c_red]Pacto de Sangue[c_reset].[nl][nl]Os membros do [c_red]Pacto de Sangue[c_reset] podem ser gerenciados aqui.[nl][nl]Modificadores personalizados do seu [c_red]Pacto de Sangue[c_reset] podem ser vistos à esquerda.[nl][nl]Você pode estender o tempo do [c_red]Pacto de Sangue[c_reset] comprando mais [c_coin][var,pactSize] fichas de jogador[c_reset].[nl][nl]Após o fim do [c_red]Pacto de Sangue[c_reset], os personagens do pacto não poderão ser jogados.[nl][nl][c_coin]Que os deuses estejam com você![c_reset] |Ваш [c_red]Кровавый Пакт[c_reset] начался.[nl][nl]Вы можете добавить до [c_coin][var,pactSize] участников[c_reset] в ваш [c_red]Кровавый Пакт[c_reset].[nl][nl]Управлять участниками [c_red]Кровавого Пакта[c_reset] можно здесь.[nl][nl]Пользовательские модификаторы вашего [c_red]Кровавого Пакта[c_reset] отображаются слева.[nl][nl]Вы можете продлить время действия [c_red]Кровавого Пакта[c_reset], купив дополнительные [c_coin][var,pactSize] жетоны игроков[c_reset].[nl][nl]После окончания [c_red]Кровавого Пакта[c_reset] персонажи в нем станут недоступны для игры.[nl][nl][c_coin]Пусть боги будут с вами![c_reset] |你的[c_red]血契[c_reset]已開始。 [nl][nl]你的[c_red]血契[c_reset]最多可容納 [c_coin][var,pactSize] 名成員[c_reset]。 [nl][nl][c_red]血契[c_reset]的成員可在此處進行管理。 [nl][nl]你可以在左側查看[c_red]血契[c_reset]的自訂詞綴。 [nl][nl]你可以使用更多的 [c_coin][var,pactSize] 人血契代幣[c_reset]來延長[c_red]血契[c_reset]的時限。 [c_red]血契[c_reset]也可以在結束後的任何時候進行延長， 讓你能從中斷的地方繼續進行。 [nl][nl][c_red]血契[c_reset]也能擴充至更大的人數規模， 同時會額外賦予血契 [c_coin]7 天[c_reset] 的時間。 [nl][c_red]血契[c_reset]中的角色只有在[c_red]血契[c_reset]處於運作狀態時才能遊玩。 [nl][nl]血契擁有者可將成員晉升為[c_coin]幹部[c_reset]。[nl]幹部可以邀請、取消邀請或剔除血契成員。 血契擁有者也能使用[c_yellow]編輯代幣[c_reset]來[c_yellow]編輯[c_reset]血契設定。 [nl][nl][c_coin]願眾神與你同在！[c_reset] |あなたの[c_red]血の誓約[c_reset]が始まりました。[nl][nl][c_red]血の誓約[c_reset]には最大で[c_coin][var,pactSize]人のメンバー[c_reset]を追加できます。[nl][nl][c_red]血の誓約[c_reset]のメンバーはここで管理できます。[nl][nl]あなたの[c_red]血の誓約[c_reset]のカスタム修正は左側に表示されます。[nl][nl][c_red]血の誓約[c_reset]の期間を延長するには、[c_coin][var,pactSize]個のプレイヤートークン[c_reset]を購入してください。[nl][nl][c_red]血の誓約[c_reset]が終了すると、そのメンバーのキャラクターはプレイできなくなります。[nl][nl][c_coin]神々の加護があらんことを！[c_reset] |당신의 [c_red]블러드 팩트[c_reset]가 시작되었습니다.[nl][nl][c_red]블러드 팩트[c_reset]에는 최대 [c_coin][var,pactSize]명의 회원[c_reset]을 포함할 수 있습니다.[nl][nl][c_red]블러드 팩트[c_reset]의 회원을 여기에서 관리할 수 있습니다.[nl][nl]당신의 [c_red]블러드 팩트[c_reset]에 대한 사용자 지정 수정 사항이 왼쪽에 표시됩니다.[nl][nl][c_red]블러드 팩트[c_reset] 시간을 연장하려면 추가로 [c_coin][var,pactSize]개의 플레이어 토큰[c_reset]을 구매하세요.[nl][nl][c_red]블러드 팩트[c_reset]가 종료되면, 그 안의 캐릭터는 플레이할 수 없습니다.[nl][nl][c_coin]신들의 가호가 함께하길![c_reset] |Dein [c_red]Blutpakt[c_reset] hat begonnen.[nl][nl]Du kannst bis zu [c_coin][var,pactSize] Mitglieder[c_reset] in deinem [c_red]Blutpakt[c_reset] haben.[nl][nl]Die Mitglieder des [c_red]Blutpakts[c_reset] können hier verwaltet werden.[nl][nl]Die benutzerdefinierten Modifikatoren deines [c_red]Blutpakts[c_reset] sind links zu sehen.[nl][nl]Du kannst die Dauer des [c_red]Blutpakts[c_reset] verlängern, indem du weitere [c_coin][var,pactSize] Spielertoken[c_reset] kaufst.[nl][nl]Nach dem Ende des [c_red]Blutpakts[c_reset] können die Charaktere darin nicht mehr gespielt werden.[nl][nl][c_coin]Mögen die Götter mit dir sein![c_reset]|"Votre [c_red]Pacte de sang[c_reset] a commencé.
Vous pouvez compter jusqu'à [c_coin][var,pactSize] membres[c_reset] dans votre [c_red]Pacte de sang[c_reset].
Les membres du [c_red]Pacte de sang[c_reset] peuvent être gérés ici.
Les modificateurs personnalisés de votre [c_red]Pacte de sang[c_reset] sont visibles sur la gauche.
Vous pouvez prolonger la durée du [c_red]Pacte de sang[c_reset] en utilisant des [c_coin]jetons de Pacte de sang de [var,pactSize] joueurs[c_reset] supplémentaires. Le [c_red]Pacte de sang[c_reset] peut également être prolongé à tout moment après sa fin, vous permettant de reprendre là où vous vous étiez arrêté.
Le [c_red]Pacte de sang[c_reset] peut également être élargi pour accueillir une taille supérieure, ce qui octroie également [c_coin]7 jours[c_reset] supplémentaires au pacte. Les personnages du [c_red]Pacte de sang[c_reset] ne peuvent être joués que lorsque le [c_red]Pacte de sang[c_reset] est actif.
Le propriétaire du pacte peut promouvoir des membres au rang d'[c_coin]officiers[c_reset]. Les officiers peuvent inviter, désinviter et exclure des membres du Pacte, ainsi que [c_yellow]modifier[c_reset] les paramètres du Pacte en utilisant des [c_yellow]jetons de modification[c_reset].
[c_coin]Que les dieux soient avec vous ![c_reset]
"|Tu Pacto de Sangre[c_reset] ha comenzado.[nl][nl]Puedes tener hasta [c_coin][var,pactSize] miembros[c_reset] en tu [c_red]Pacto de Sangre[c_reset].[nl][nl][c_red]Los miembros del Pacto de Sangre[c_reset] se pueden administrar aquí.[nl][nl]Los modificadores personalizados de tu Pacto de Sangre[c_reset] se pueden ver a la izquierda.[nl][nl]Puedes extender el tiempo del Pacto de Sangre[c_reset] usando más [c_coin][var,pactSize] fichas de Pacto de Sangre de jugador[c_reset]. [c_red]Pacto de Sangre[c_reset] también se puede extender en cualquier momento después de que haya terminado, lo que te permite continuar desde donde lo dejaste.[nl][nl]El [c_red]Pacto de Sangre[c_reset] también se puede expandir a un tamaño mayor, lo que también otorga [c_coin]7 días[c_reset] adicionales al pacto.[nl]Los personajes en el [c_red]Pacto de Sangre[c_reset] solo se pueden jugar cuando el [c_red]Pacto de Sangre[c_reset] está activo.[nl][nl]El dueño del Pacto puede ascender a los miembros a [c_coin]Oficiales[c_reset].[nl]Los oficiales pueden invitar, desinvitar y expulsar a los miembros del Pacto, así como [c_yellow]Editar[c_reset] la configuración del Pacto usando [c_yellow]Token de edicion[c_reset].[nl][nl][c_coin]¡Que los dioses estén contigo![c_reset]|Twój [c_red]Blood Pact[c_reset] rozpoczął się.[nl][nl]W twoim [c_red]Blood Pact[c_reset] może być maksymalnie [c_coin][var,pactSize] członków[c_reset].[nl][nl]Tutaj możesz zarządzać członkami [c_red]Blood Pact[c_reset].[nl][nl]Niestandardowe modyfikatory twojego [c_red]Blood Pact[c_reset] są widoczne po lewej stronie.[nl][nl]Możesz przedłużyć czas trwania [c_red]Blood Pact[c_reset] za pomocą dodatkowych tokenów Blood Pact dla [c_coin][var,pactSize] graczy[c_reset]. [c_red]Blood Pact[c_reset] można również przedłużyć w dowolnym momencie po zakończeniu, co pozwala kontynuować od miejsca, w którym skończyłeś.[nl][nl][c_red]Blood Pact[c_reset] można również rozszerzyć do większego rozmiaru, co dodatkowo przyznaje [c_coin]7 dni[c_reset] do paktu.[nl]Postacie w [c_red]Blood Pact[c_reset] można grać tylko wtedy, gdy [c_red]Blood Pact[c_reset] jest aktywny.[nl][nl]Właściciel Paktu może awansować członków na [c_coin]Oficerów[c_reset].[nl]Oficerowie mogą zapraszać, odwoływać zaproszenia i wyrzucać członków Paktu, a także [c_yellow]edytować[c_reset] ustawienia Paktu za pomocą [c_yellow]tokenów edycji[c_reset].[nl][nl][c_coin]Niech bogowie będą z wami![c_reset]
blood_pact_expand_info|You can expand the [c_red]Blood Pact[c_reset] by using a larger [c_red]Blood Pact[c_reset] token.[nl]Expanding the [c_red]Blood Pact[c_reset] also grants an additional [c_coin]7 active days[c_reset] to the [c_red]Blood Pact[c_reset].|Voit laajentaa [c_red]Verisopimusta[c_reset] käyttämällä suurempaa [c_red]Verisopimus[c_reset]-tokenia.[nl][c_red]Verisopimuksen[c_reset] laajentaminen antaa myös [c_coin]7 lisäaktiivista päivää[c_reset] [c_red]Verisopimukselle[c_reset]. |Você pode expandir o [c_red]Pacto de Sangue[c_reset] usando um token [c_red]Pacto de Sangue[c_reset] maior.[nl]Expandir o [c_red]Pacto de Sangue[c_reset] também concede [c_coin]7 dias ativos[c_reset] adicionais ao [c_red]Pacto de Sangue[c_reset]. |Вы можете расширить [c_red]Кровавый договор[c_reset], используя более крупный токен [c_red]Кровавого договора[c_reset].[nl]Расширение [c_red]Кровавого договора[c_reset] также дает [c_red]Кровавому договору[c_reset] дополнительные [c_coin]7 активных дней[c_reset]. |您可以使用更大的[c_red]血契[c_reset]代幣來擴展[c_red]血契[c_reset]。[nl]擴展[c_red]血契[c_reset]也會為[c_red]血契[c_reset]額外授予[c_coin]7 個有效天數[c_reset]。 |より大きな[c_red]血の契約[c_reset]トークンを使用することで、[c_red]血の契約[c_reset]を拡張できる。[nl][c_red]血の契約[c_reset]を拡張すると、[c_coin]追加で7日間の有効期間[c_reset]が[c_red]血の契約[c_reset]に付与される。|더 큰 [c_red]블러드 팩트[c_reset] 토큰을 사용하여 [c_red]블러드 팩트[c_reset]를 확장할 수 있습니다.[nl][c_red]블러드 팩트[c_reset]를 확장하면 [c_coin]7일의 활성 기간[c_reset]이 추가로 부여됩니다.|Sie können den [c_red]Blutpakt[c_reset] erweitern, indem Sie einen größeren [c_red]Blutpakt[c_reset]-Token verwenden.[nl]Durch die Erweiterung des [c_red]Blutpakts[c_reset] werden dem [c_red]Blutpakt[c_reset] außerdem zusätzliche [c_coin]7 aktive Tage[c_reset] gewährt.|Vous pouvez étendre le [c_red]Pacte de sang[c_reset] en utilisant un jeton [c_red]Pacte de sang[c_reset] plus grand.[nl]L'extension du [c_red]Pacte de sang[c_reset] accorde également [c_coin]7 jours actifs[c_reset] supplémentaires au [c_red]Pacte de sang[c_reset]. |Puedes expandir el [c_red]Pacto de Sangre[c_reset] usando un token de [c_red]Pacto de Sangre[c_reset] más grande.[nl]Expandir el [c_red]Pacto de Sangre[c_reset] también otorga [c_coin]7 días activos adicionales[c_reset] al [c_red]Pacto de Sangre[c_reset].|Możesz rozszerzyć [c_red]Blood Pact[c_reset] za pomocą większego tokena [c_red]Blood Pact[c_reset].[nl]Rozszerzenie [c_red]Blood Pact[c_reset] przyznaje dodatkowo [c_coin]7 aktywnych dni[c_reset] do [c_red]Blood Pact[c_reset].
blood_pact_not_active|Blood Pact not active! You can continue playing the character by extending the Blood Pact.|Verivalasi ei ole aktiivinen! Voit jatkaa hahmon pelaamista pidentämällä Verivalan kestoa. |Pacto de Sangue inativo! Você pode continuar jogando com o personagem estendendo o Pacto de Sangue. |Кровавый Пакт не активен! Вы можете продолжить играть за персонажа, продлив Кровавый Пакт. |血契尚未未啟動！你可以透過延長血契來繼續遊玩該角色。 |血の誓約が有効ではありません！血の誓約を延長することで、このキャラクターを続けてプレイできます。 |블러드 팩트가 활성화되지 않았습니다! 블러드 팩트를 연장하면 캐릭터를 계속 플레이할 수 있습니다. |Blutpakt nicht aktiv! Du kannst den Charakter weiterhin spielen, indem du den Blutpakt verlängerst.|Pacte de Sang inactif ! Vous pouvez continuer à jouer ce personnage en prolongeant le Pacte de Sang. |¡El Pacto de Sangre no está activo! Puedes seguir jugando con el personaje extendiendo el Pacto de Sangre.|Blood Pact nie jest aktywny! Możesz kontynuować granie postacią poprzez przedłużenie Blood Pact.
blood_pact_invalid_character|This character belongs to another Blood Pact. You can continue playing by getting invited back to this Blood Pact.|Tämä hahmo kuuluu toiseen verivalaan. Voit jatkaa pelaamista jos saat kutsun takaisin tähän verivalaan.|Este personagem pertence a outro Pacto de Sangue. Você pode continuar jogando sendo convidado novamente para este Pacto de Sangue. |Этот персонаж принадлежит другому Blood Pact. Вы можете продолжить игру, получив приглашение обратно в этот Blood Pact. |該角色屬於另一個血契。您可以透過受邀再次加入這個血契來繼續玩遊戲。 |このキャラクターは別の血盟団に属しています。この血盟団に再び招待されれば、ゲームを続けることができます。 |이 캐릭터는 다른 블러드 팩트에 속해 있습니다. 이 블러드 팩트로 다시 초대받으면 계속 플레이할 수 있습니다.|Dieser Charakter gehört einem anderen Blutpakt an. Du kannst weiterspielen, indem du erneut zu diesem Blutpakt eingeladen wirst.|Ce personnage appartient à un autre Pacte de Sang. Vous pouvez continuer à jouer en étant invité à rejoindre ce Pacte de Sang. |Este personaje pertenece a otro Pacto de Sangre. Puedes seguir jugando si te invitan nuevamente a este Pacto de Sangre.|Ta postać należy do innego Blood Pact. Możesz kontynuować granie, otrzymując ponowne zaproszenie do tego Blood Pact.
blood_pact_ended_prompt|Blood Pact has ended.|Verisopimus on päättynyt.|O Pacto de Sangue terminou.|Blood Pact завершён.|血契已結束。|血の契約が終了しました。|블러드 팩트가 종료되었습니다.|Der Blutpakt ist beendet.|Le Pacte de Sang est terminé.|El Pacto de Sangre ha finalizado.|Blood Pact zakończył się.
blood_pact_settings_changed|Blood Pact settings changed.|Verisopimuksen asetuksia muutettiin.|As configurações do Pacto de Sangue foram alteradas.|Настройки Blood Pact изменены.|血契設定已更改。|血の契約の設定が変更されました。|블러드 팩트 설정이 변경되었습니다.|Blutpakt-Einstellungen geändert.|Les paramètres du Pacte de Sang ont été modifiés.|Se han cambiado los ajustes del Pacto de Sangre.|Ustawienia Blood Pact zostały zmienione.
pact_promote|Promote to officer|Ylennä upseeriksi|Promover a oficial|Повысить до офицера|晉升為管理員|幹部に昇格|간부로 승격|Zum Offizier befördern|Promouvoir au rang d'officier|Ascender a oficial|Awansuj na oficera
pact_demote|Demote officer|Alenna upseeri|Rebaixar oficial|Понизить до офицера|管理員降級|幹部を降格|간부를 강등|Offizier degradieren|Rétrograder l'officier|Degradar oficial|Zdegradować oficera
pact_kick|Kick|Potki|Expulsar|Выгнать|踢除|追放|추방|Kick|Expulser|Expulsar|Wyrzuć
blood_pact_kick|Are you sure you want to remove this player from the Blood Pact?|Haluatko varmasti poistaa tämän pelaajan verisopimuksesta?|Tem certeza de que deseja remover este jogador do Pacto de Sangue?|Вы уверены, что хотите удалить этого игрока из Blood Pact?|您確定要從血契中移除該玩家嗎？|このプレイヤーを血の契約から除名してもよろしいですか？|이 플레이어를 블러드 팩트에서 제명해도 될까요?|Möchtest du diesen Spieler wirklich aus dem Blutpakt entfernen?|Êtes-vous sûr de vouloir retirer ce joueur du Pacte de Sang ?|¿Estas seguro que quieres eliminar a este jugador del Pacto de Sangre?|Czy na pewno chcesz usunąć tego gracza z Blood Pact?
blood_pact_can_not_leave|As the creator of the Blood Pact you can only leave when the Blood Pact has ended.|Verisopimuksen luojana voit poistua vasta, kun verisopimus on päättynyt.|Como criador do Pacto de Sangue, você só poderá sair quando o Pacto de Sangue terminar.|Как создатель Кровавого Пакта, вы можете покинуть его только после его расторжения.|身為血契的擁有者，你只能在血契結束後離開。|血盟の創設者であるあなたは、血盟の期間が終了した時のみ離脱できます。|혈맹의 창시자로서 당신은 혈맹이 종료될 때만 탈퇴할 수 있습니다.|Als Gründer des Blutpakts kannst du diesen erst verlassen, wenn er beendet ist.|En tant que créateur du Pacte de Sang, vous ne pouvez le quitter qu'à sa dissolution.|Como creador del Pacto de Sangre, solo puedes abandonarlo cuando este haya terminado.|Jako twórca Blood Pact możesz opuścić go tylko wtedy, gdy Blood Pact już się zakończył.
blood_pact_can_not_leave_must_promote|To leave the Blood Pact you must first promote another member of the Blood Pact to be the new owner.|Verisopimuksesta poistuaksesi sinun on ensin ylennettävä toinen verisopimuksen jäsen uudeksi omistajaksi.|Para sair do Pacto de Sangue, você primeiro deve promover outro membro do Pacto de Sangue a novo proprietário.|Чтобы выйти из Кровавого Пакта, вы должны сначала повысить другого члена Пакта до статуса нового владельца.|要退出血契，你必須先提拔血契的另一個成員成為新擁有者。|血盟を離脱するには、まず血盟の他のメンバーを新たな所有者に昇格させる必要があります。|혈맹을 탈퇴하려면 먼저 혈맹의 다른 구성원을 새로운 소유자로 승격시켜야 합니다.|Um den Blutpakt zu verlassen, musst du zuerst ein anderes Mitglied zum neuen Besitzer ernennen.|Pour quitter le Pacte de Sang, vous devez d'abord promouvoir un autre membre au rang de nouveau propriétaire.|Para abandonar el Pacto de Sangre, primero debes nombrar a otro miembro como propietario.|Aby opuścić Blood Pact, musisz najpierw awansować innego członka Blood Pact na nowego właściciela.
blood_pact_change_owner|Promote to Owner|Ylennä omistajaksi|Promover a Proprietário|Повысить до владельца|晉升為擁有者|所有者に昇格|소유자로 승격|Zum Besitzer ernennen|Promouvoir Propriétaire|Nombrar Propietario|Awansuj na właściciela
blood_pact_change_owner_prompt|Are you sure you want to hand over the Blood Pact ownership? This action can’t be undone.|Oletko varma, että haluat luovuttaa verisopimuksen omistajuuden? Tätä toimintoa ei voi perua.|Tem certeza de que deseja transferir a propriedade do Pacto de Sangue? Esta ação não pode ser desfeita. |Вы уверены, что хотите передать право собственности на Кровавый Пакт? Это действие нельзя отменить. |你確定要交出血契所有權嗎？  此操作無法撤銷。 |本当に血盟の所有権を譲渡しますか？この操作は取り消せません。 |혈맹 소유권을 넘겨주시겠습니까? 이 작업은 되돌릴 수 없습니다. |Bist du sicher, dass du die Trägerschaft des Blutpakts abgeben möchtest? Diese Aktion kann nicht rückgängig gemacht werden.|Êtes-vous sûr de vouloir céder la propriété du Pacte de Sang ? Cette action est irréversible. |¿Estás seguro de que quieres ceder la propiedad del Pacto de Sangre? Esta acción es irreversible.|Czy na pewno chcesz przekazać własność Blood Pact? Tej akcji nie można cofnąć.
blood_pact_kicked|You have been removed from the Blood Pact.|Sinut on poistettu verisopimuksesta. |Você foi removido do Pacto de Sangue. |Вы исключены из Кровавого Пакта. |你已被從血契中除名。 |あなたは血盟から除名されました。 |당신은 혈맹에서 제명되었습니다. |Du wurdest aus dem Blutpakt ausgeschlossen.|Vous avez été exclu du Pacte de Sang. |Has sido excluido del Pacto de Sangre.|Zostałeś usunięty z Blood Pact. 
blood_pact_create_prompt|Are you sure you want to create a new Blood Pact and consume a [bp_amount] member Blood Pact token?|||||確定要建立新的血契並消耗 [bp_amount] 成員血契代幣嗎？||||||

