[Relic Names]|en|fi|pt|ru|zh|ja|ko|de|fr|sp
relic_devilHorn|Devil Horn|Pirunsarvi|Chifre do Demônio|Дьявольский Рог|魔鬼之角|デビル・ホーン|악마의 뿔|Teufelshorn|Corne du diable
relic_demonSheep|Demon Sheep|Paholaislammas|Ovelha Demoníaca|Демоническая Овца|惡魔羊|デーモン・シープ|악마의 양|Dämonenschaf|Mouton démoniaque
relic_doomFlute|Doom Flute|Tuhon huilu|Flauta da Desgraça|Флейта Судьбы|末日長笛|ドゥーム・フルート|파멸의 피리|Verderbensflöte|Flûte du destin
relic_frozenOrb|Frozen Orb|Jääkristalli|Orbe Congelado|Замороженный Шар|霜凍之球|フローズン・オーブ|얼어붙은 구슬|Gefrorene Kugel|Orbe gelée
relic_nunchucks|Nunchucks|Nunchakut|Nunchaku|Нунчаки|雙截棍|ヌンチャク|쌍절곤|Nunchakus|Nunchakus
relic_rubberDuck|Rubber Duck|Kumiankka|Pato de Borracha|Резиновая Утка|橡皮鴨|ゴム製のアヒル|욕조용 오리|Badeente|Canard en caoutchouc
relic_skullAxe|Skull Axe|Pääkallokirves|Machado de Caveira|Топор из Черепа|骷髏斧|スカル・アックス|해골 도끼|Totenkopf-Axt|Hache de bourreau
relic_theSpoon|The Spoon|Lusikka|A Colher|Ложка|勺子|スプーン|구부러진 숟가락|Der Löffel|La cuillère
relic_stormDagger|Storm Dagger|Myrskytikari|Adaga da Tempestade|Кинжал Бури|風暴匕首|ストーム・ダガー|폭풍 단검|Sturmdolch|Poignard de tempête
relic_odinsSword|Odin's Sword|Odinin miekka|Espada de Odin|Меч Одина|奧丁之劍|オーディンのソード|오딘의 검|Odins Schwert|L'épée d'Odin
relic_theAmputationKit|The Amputation Kit|Amputointivälineet|O Kit de Amputação|Набор для Ампутации|截肢工具包|切断キット|절단 수술 키트|Das Amputationskit|Le kit d'amputation
relic_skullBat|Skullbat|Kallolepakko|Morcego-caveira|Тюбетейка|骷髏蝙蝠|スカル・バット|해골 박쥐|Totenkopf-Fledermaus|Crâne de chauve-souris
relic_shredder|Shredder|Silppuri|Triturador|Измельчитель|粉碎器|シュレッダー|분쇄날|Schredder|Déchiqueteuse
relic_stigmata|Stigmata|Stigmata|Estigma|Стигматы|聖痕|スティグマタ|성흔|Stigmata|Stigmates
relic_magicMushroom|Magic Mushroom|Taikasieni|Cogumelo Mágico|Волшебный Гриб|魔法蘑菇|マジック ・ マッシュルーム|마법 버섯|Magischer Pilz|Champignon magique
relic_jefresSubscription|Jefre's Subscription|Jefren tilaus|Inscrição de Jefre|Подписка Джефри|傑弗雷的訂閱|ジェフルの定期購読|제프리의 구독서|Jefre's Abo|Abonnement à Jefre
relic_rockBelt|Rock Belt|Rock-vyö|Cinto do Rock|Каменный Пояс|火箭腰帶|ロックベルト|록 벨트|Felsengürtel|Ceinture rock'n'roll
relic_sausage|Sausage|Makkara|Linguiça|Колбаса|香腸|ソーセージ|소시지|Wurst|Saucisse
relic_spiritSkull|Spirit Skull|Sielupääkallo|Crânio Espiritual|Череп Духа|靈魂頭骨|スピリット・スカル|영혼의 해골|Geisterschädel|Crâne d'esprit
relic_apple|Apple|Omena|Maçã|Apple|蘋果|リンゴ|사과|Apfel|Pomme
relic_fetus|F.E.T.U.S.|S.I.K.I.Ö.|F.E.T.O|F.E.T.U.S.|胎兒|胎児|ㅌ.ㅐ.ㅇ.ㅏ.|F.E.T.U.S.|F.E.T.U.S.
relic_theEye|The Eye|Silmä|O Olho|Глаз|眼球|目|눈알|Das Auge|L'oeil
relic_devilSkull|Devil Skull|Pirukallo|Crânio do Diabo|Череп Дьявола|惡魔頭骨|デビル・スカル|악마의 해골|Teufelsschädel|Crâne de diable
relic_whip|Whip|Ruoska|Chicote|Хлыст|鞭子|ホイップ|채찍|Peitsche|Fouet
relic_cake|Cake|Kakku|Bolo|Торт|蛋糕|ケーキ|케이크|Kuchen|Gâteau
relic_cookiesMilk|Cookies & Milk|Keksejä & Maitoa|Biscoitos & Leite|Печенье и молоко|餅乾與牛奶|クッキー＆ミルク|쿠키와 우유|Kekse & Milch|Lait et cookies
relic_blazingBoots|Blazing Boots|Liekkisaappaat|Botas Ardentes|Сверкающие Сапоги|熾熱靴|ブレイジングブーツ|불타는 부츠|Flammende Stiefel|Bottes flamboyantes
relic_charmedBlood|Charmed Blood|Lumottu veri|Sangue Encantado|Зачарованная Кровь|魅惑之血|魅惑な血|매혹의 피|Verzaubertes Blut|Sang contaminé
relic_shrunkenHead|Shrunken Head|Kutistunut pää|Cabeça Encolhida|Сморщенная Голова|縮小頭顱|シュルンケンヘッド|일그러진 얼굴|Schrumpfkopf|Tête de raton laveur
relic_oddBookOfSpells|Odd Book of Spells|Outo taikakirja|Livro Estranho de Magias|Странная книга заклинаний|奇怪的咒語書|奇妙な呪文書|이상한 주문서|Seltsames Zauberbuch|Curieux livre de sorts
relic_ancientRock|Ancient Rock|Muinainen kivi|Pedra Antiga|Древняя Скала|遠古之石|古の岩|고대의 바위|Uraltes Gestein|Pierre ancienne
relic_theHolyBible|The Holy Bible|Raamattu|A Bíblia Sagrada|Святая Библия|聖經|ホーリー・バイブル|성경|Die Heilige Bibel|La Sainte Bible
relic_aaronsStaff|Aaron's Staff|Aaronin sauva|Cajado de Aaron|Посох Аарона|亞倫之杖|アーロンの杖|아론의 지팡이|Aarons Stab|Bâton d'Aaron
relic_ogreClub|Ogre Club|Jättiläisnuija|Porrete do Ogro|Клуб Людоедов|食人魔短棍|オーガクラブ|오우거의 곤봉|Oger-Knüppel|Gourdin de l'ogre
relic_basilisksTooth|Basilisk's Tooth|Basiliskinhammas|Dente de Basilisco|Зуб василиска|蛇怪之牙|バジリスクツース|바실리스크의 송곳니|Basiliskenzahn|Dent de basilic
relic_twinBlade|Twin Blade|Kaksoisterä|Lâmina Dupla|Двойное Лезвие|雙刃劍|ツインブレード|쌍둥이 칼날|Doppelklinge|Lame double
relic_handScythe|Hand Scythe|Käsiviikate|Foice de Mão|Ручная Коса|手鐮|ハンドサイケ|한손 낫|Handsense|Faucille à main
relic_templarShield|Templar Shield|Ritarikilpi|Escudo Templário|Щит Тамплиера|聖堂之盾|テンプラー・シールド|템플 기사단의 방패|Templer-Schild|Bouclier de templier
relic_kingsCrown|King's Crown|Kuninkaan kruunu|Coroa do Rei|Королевская корона|國王皇冠|キングスクラウン|왕관|Königskrone|Couronne du roi
relic_damnedBuckler|Damned Buckler|Kirottu kilpi|Broquel Maldito|Проклятый Щит|詛咒圓盾|ダムド・バークラー|저주받은 둥근 방패|Verfluchter Buckler|Bouclier maudit
relic_dragonShield|Dragon Shield|Lohikäärmekilpi|Escudo do Dragão|Щит Дракона|龍之盾|ドラゴン・シールド|용의 방패|Drachenschild|Bouclier du dragon
relic_barbedShield|Barbed Shield|Piikkikilpi|Escudo Farpado|Колючий Щит|带刺之盾|バーブド・シールド|미늘 방패|Stachelschild|Bouclier barbelé
relic_helmOfChaos|Helm of Chaos|Kaaoskypärä|Elmo do Caos|Шлем хаоса|混沌之盔|カオスヘルム|혼돈의 투구|Helm des Chaos|Casque du chaos
relic_bracerOfLife|Bracer of Life|Elämän rannekoru|Bracelete da Vida|Наруч жизни|生命護腕|ライフ・ブレーサー|생명의 팔찌|Armschiene des Lebens|Bracelets de vie
relic_tokenOfLuck|Token of Luck|Onnen symboli|Token da Sorte|Знак удачи|幸運徽章|幸運のトークン|행운의 징표|Glücksbringer|Jeton de chance
relic_theAllmightyFedora|The Allmighty Fedora|Kaikkivoipa fedora|A Poderosa Fedora|Всемогущая фетровая шляпа|全能軟呢帽|オールマイティ・フェドラ|굉장한 페도라|Der Allmächtige Fedora|Le tout-puissant fedora
relic_guardianAngel|Guardian Angel|Suojelusenkeli|Anjo Guardião|Ангел - Хранитель|守護天使|守護天使|수호천사|Schutzengel|Ange gardien
relic_bookOfBelial|Book of Belial|Belialin kirja|Livro de Belial|Книга Велиала|彼列之書|ベリアルの本|벨리알의 서|Buch des Belial|Livre de Bélial
relic_doubleScythe|Double Scythe|Tuplaviikate|Foice Dupla|Двойная Коса|雙刃鐮刀|ダブルサイケ|쌍낫|Doppel-Sense|Double faux
relic_fireIce|Fire & Ice|Tuli & Jää|Fogo & Gelo|Огонь и Лед|火與冰|ファイアー＆アイス|불과 얼음|Feuer & Eis|Feu et glace
relic_LightKatana|Light Katana|Valokatana|Katana Leve|Легкая Катана|輕型武士刀|ライトカターナ|광선도|Licht-Katana|Katana de lumière
relic_dirge|Dirge|Dirge|Kris|Панихида|波刃匕首|葬送歌|장송곡|Grabgesang|Dague sacrificielle
relic_razorWire|Razorwire|Piikkilanka|Arame Farpado|Проволока для бритвы|鐵絲網|レザーワイヤー|가시 철사|Stacheldraht|Fil de rasoir
relic_rainbowGate|Rainbow Gate|Sateenkaari|Portão do Arco-íris|Радужные Врата|彩虹之門|レインボーゲート|무지개 관문|Regenbogen-Tor|Porte de arc-en-ciel
relic_theGlove|The Glove|Hanska|A Luva|Перчатка|手套|手袋|장갑|Der Handschuh|Le gant
relic_flySwatter|Fly Swatter|Kärpäslätkä|Mata-moscas|Мухобойка|蒼蠅拍|ハエたたき|파리채|Fliegenklatsche|Tapette à mouches
relic_hellscreamAxe|Hellscream Axe|Hellscream kirves|Machado do Grito Infernal|Топор Адского Крика|地獄咆哮斧|ヘルスクリーム・アックス|헬스크림의 도끼|Höllenschrei-Axt|Hache de Hurlenfer
relic_frostMourne|Hungering Blade of Frost||Lâmina Faminta de Gelo|Алчущий Клинок Мороза|飢餓冰霜之刃|フロストのハングリングブレード|굶주린 서리 칼날||Lame de givre vorace
relic_commandersSword|Commander's Sword|Komentajan miekka|Espada do Comandante|Меч командира|指揮官之劍|コマンダーのソード|사령관의 검|Schwert des Kommandanten|Épée de commandant
relic_butchersKnife|Butcher's Knife|Teurastajan veitsi|Faca do Açougueiro|Нож мясника|屠夫之刀|ブッチャーのナイフ|도살자의 칼|Metzgermesser|Couteau de boucher
relic_warZeppelin|War Zeppelin|Sotazeppeliini|Zepelim de Guerra|Военный Дирижабль|戰爭齊柏林飛船|ツェッペリン飛行船|전투 비행선|Kriegszeppelin|Zeppelin de guerre
relic_deathsScythe|Death's Scythe|Kuoleman viikate|Foice da Morte|Коса Смерти|死亡鐮刀|デスサイケ|사신의 낫|Die Sense des Todes|Faux de la Mort
relic_angelStaffOfApocalypse|Angel Staff of Apocalypse|Tuhon enkelisauva|Cajado de Anjo do Apocalipse|Ангельский посох Апокалипсиса|天使啟示錄法杖|アポカリプス・天使の杖|파멸을 부르는 천사의 지팡이|Engelstab der Apokalypse|Bâton angélique de l'apocalypse 
relic_rocketBarrage|Rocket Barrage|Ohjustulitus|Barragem de Foguete|Ракетный обстрел|火箭彈幕|ロケットバラージー|로켓 탄막|Raketen-Trommelfeuer|Barrage de roquettes
relic_shiv|Shiv|Puukko|Estoque|Заточка|剃刀|カミソリ|삼지창|Klinge|Saï
relic_stickmanSteve|Stickman Steve|Teemu Tikku-Ukko|Stickman Steve|Крупье Стив|火柴人史蒂夫|スティックマンスティーブ|막대인간 스티브|Strichmännchen Steve|Stickman Steve
relic_bomb|Bomb|Pommi|Bomba|Бомба|炸彈|爆弾|폭탄|Bombe|Bombe
relic_meatHook|Meat Hook|Lihakoukku|Gancho de Carne|Мясной Крючок|肉鉤|ミートフック|고기 갈고리|Fleischerhaken|Crochet à viande
relic_candyCrusher|Candy Crusher|Karkin murskaaja|Candy Crusher|Дробилка для конфет|糖果粉碎者|キャンディークラッシャー|사탕 박살 망치|Bonbonbrecher|Concasseur de bonbons
relic_cheeseBurger|Cheese Burger|Juustopurilainen|X-Burger|Сырный Бургер|乳酪漢堡|チーズバーガー|치즈버거|Cheese-Burger|Cheese Burger
relic_triForce|Triforce|Kolmivoima|Triforce|Трифорс|三角力量|トリフォース|트라이포스|Triforce|Triforce
relic_cactus|Cactus|Kaktus|Cacto|Кактус|仙人掌|カクタス|선인장|Kaktus|Cactus
relic_razerBlade|Razer Blade|Razer miekka|Lâmina Razer|Лезвие Бритвы|刮鬍刀片|レザー・ブレード|광선검|Rasierklinge|Lame de rasoir
relic_assassinsShuriken|Assassin's Shuriken|Salamurhaajan heittotähti|Shuriken do Assassino|Сюрикен Убийцы|刺客手裏劍|アサシンの手裏剣|자객의 수리검|Assasinen-Shuriken|Shuriken de l'assassin
relic_theSun|The Sun|Aurinko|O Sol|Солнце|太陽|太陽|태양|Die Sonne|Le soleil
relic_razerHeadset|Razer Headset|Razer kuulokkeet|Headset Razer|Гарнитура Razer|剃刀耳機|レザー・ヘッドセット|레이저 헤드셋|Razer Headset|Casque Razer
relic_mayosOldSock|Mayo's Old Sock|Mayon vanha sukka|Velha Meia de Mayo|Старый Носок Майо|梅奧的舊襪子|メイヨーのオールドソックス|마요의 오래된 양말|Mayo's alte Socke|La vieille chaussette de Mayo
relic_tequila|Tequila!!!|Tequila!!!|Tequila!!!|Текила!!!|龍舌蘭！！！|テキーラ！！！|데킬라!!!|Tequila!!!|Tequila !!!
relic_theMightySushi|The Mighty Sushi|Mahtava sushi|O Poderoso Sushi|Могучие Суши|力量壽司|マイティーすし|힘센 초밥|Das mächtige Sushi|Le puissant sushi
relic_karpHead|Karp Head|Karpin pää|Cabeça de Carpa|Голова Карпа|卡普頭|カープヘッド|잉어 대가리|Karpfenkopf|Tête de Carpe
relic_lantern|Lantern|Lyhty|Lanterna|Фонарь|燈籠|ランタン|초롱|Laterne|Lanterne
relic_razorLeaf|Razor Leaf|Terälehti|Folha de Barbear|Острый Лист|飛葉快刀|レザー・リーフ|잎날 가르기|Rasierblatt|Feuille rasoir
relic_ninjaHook|Ninja Hook|Ninjakoukku|Gancho de Ninja|Крюк Ниндзя|忍者抓鉤|忍者フック|닌자 갈고리|Ninja-Haken|Crochet Ninja
relic_riceChopsticks|Rice & Chopsticks|Syömäpuikot ja riisi|Arroz & Pauzinhos|Рис и Палочки для Еды|米飯與筷子|米＆箸|밥과 젓가락|Reis & Essstäbchen|Riz et baguettes
relic_minisect|Minisect|Minisect|Mininseto|Минисект|小賽克特|ミニセクト|미니섹트|Minisekt|Minisect
relic_shadeOfDeath|Shade of Death|Kuoleman viuhka|Sombra da Morte|Тень смерти|死亡之影|デスシェード|죽음의 장막|Fächer des Todes|Ombre de la Mort
relic_dislocatedEye|Dislocated Eye|Irronnut silmä|Olho Deslocado|Вывихнутый Глаз|脫臼眼球|脱臼させる目|빠져버린 눈|Zerquetschtes Auge|Oeil disloqué
relic_halfEatenMochi|Half Eaten Mochi|Puoliksi syöty Mochi|Mochi pela Metade|Наполовину съеденный Моти|被咬掉一半的麻糬|食べかけたお餅|반쯤 먹은 찹쌀떡|Halb gegessener Mochi|Mochi à moitié mangé
relic_bonsaiTree|Bonsai Tree|Bonsai puu|Árvore Bonsai|Дерево Бонсай|盆栽|盆栽の木|분재|Bonsaibaum|Bonsaï
relic_daPlayersDislocatedHead|DaPlayer's Dislocated Head|DaPlayerin irronnut pää|Cabeça Deslocada de DaPlayer|Вывихнутая Голова Даплеера|達普雷爾的脫位頭顱|ダプレイヤーの脱臼させる頭|플레이어의 머리|DaPlayer's verrenkter Kopf|Tête disloquée de DaPlayer
relic_witchClaw|Witch Claw|Noidan kynsi|Garra da Bruxa|Коготь Ведьмы|女巫之爪|魔女のクロー|마녀의 손|Hexenkralle|Griffe de sorcière
relic_shatteredKatana|Shattered Katana|Hajonnut katana|Katana Estilhaçada|Разбитая Катана|碎裂的武士刀|砕けたカタナ|부서진 카타나|Zertrümmertes Katana|Katana brisé
relic_orbOfFire|Orb of Fire|Tulipallo|Orbe de Fogo|Огненный шар|火之法球|オーブ・オブ・ファイア|화염의 구슬|Feuerkugel|Orbe de feu
relic_orbOfIce|Orb of Ice|Jääpallo|Orbe de Gelo|Ледяной шар|冰之法球|オーブ・オブ・アイス|얼음의 구슬|Eiskugel|Orbe de glace
relic_orbOfPoison|Orb of Poison|Myrkkypallo|Orbe de Veneno|Сфера яда|毒之法球|オーブ・オブ・ポイズン|맹독의 구슬|Giftkugel|Orbe de poison
relic_orbOfChaos|Orb of Chaos|Kaaospallo|Orbe do Caos|Сфера хаоса|混沌法球|オーブ・オブ・カオス|혼돈의 구슬|Kugel des Chaos|Orbe de chaos
relic_orbOfLightning|Orb of Lightning||||閃電法球|ライトニングのオーブ|번개의 구슬|||
relic_largeBeer|Large Beer|Iso olut|Cerveja Grande|Большое Пиво|大啤酒|大型のビヤ|큼지막한 맥주|Großes Bier|Grande bière
relic_bouncy|Bouncy|Pomppija|Saltitante|Упругий|彈性|よく弾む|바운시|Flummi|Balle rebondissante
relic_magnet|Magnet|Magneetti|Ímã|Магнит|磁鐵|磁石|자석|Magnet|Aimant
relic_balalayka|Balalayka|Balalaika|Balalayka|Балалайка|巴拉萊卡琴|バラライカ|발랄라이카|Balalayka|Balalayka
relic_darts|Darts|Tikat|Dardos|Дротики|飛鏢|ダーツ|다트|Dartpfeile|Fléchettes
relic_smallSpikey|Small Spikey|Pikkupiikki|Pequeno Spikey|Маленький Колючий|小尖刺|小さなスパイキー|작은 가시공|Kleiner Stachel|Petite boule à piques
relic_satansHorn|Satan's Horn|Saatanan sarvi|Chifre de Satanás|Рог сатаны|撒旦之角|サタンの角|사탄의 뿔|Teufelshorn|Corne de Satan
relic_necromancersFinger|Necromancer's Finger|Manaajan sormi|Dedo do Necromante|Палец Некроманта|死靈法師的手指|ネクロマンサーの指|강령술사의 손가락|Finger des Nekromanten|Doigt de nécromancien
relic_jarOfFlies|Jar of Flies|Kärpäspurkki|Jarra de Moscas|Банка с мухами|蒼蠅罐子|一缶分のハエ|파리가 든 병|Glas voller Fliegen|Bocal plein de mouches
relic_satansTooth|Satan's Tooth|Saatanan hammas|Dente de Satanás|Зуб сатаны|撒旦之牙|サタンのツース|사탄의 이빨|Satans Zahn|Dent de Satan
relic_butterflyKnife|Butterfly Knife|Perhosveitsi|Canivete Borboleta|Нож - бабочка|蝴蝶刀|バタフライナイフ|발리송|Klappmesser|Couteau papillon
relic_lightningGlobe|Lightning Globe|Sähköpallo|||閃電球|||||
relic_fireGlobe|Fire Globe|Tulipallo|||火焰球||||
relic_iceGlobe|Ice Globe|Jääpallo|||冰霜球||||
relic_poisonGlobe|Poison Globe|Myrkkypallo|||毒素球||||
relic_arcaneGlobe|Arcane Globe|Taikapallo|||奧術球||||
relic_steamSale|Steam Sale|Steam alennus|Promoção da Steam|Продажа Steam|Steam促銷|Steamセール|스팀 세일|Steam-Sale|Promo Steam
relic_steamSale_ps5|Flash Sale||||限時搶購|||||
relic_esEnergy|ES Energy|ES Energia|ES Energia|Энергия ЭС|ES能量|ESエネルギー|ES 에너지|ES Energie|ES Energy
relic_boomerang|Boomerang|Bumerangi|Bumerangue|Бумеранг|迴力鏢|ブーメラン|부메랑|Bumerang|Boomerang
relic_squishyTheSuicidalPig|Squishy the Suicidal Pig|Itsetuhoinen possu Squishy|Squishy o Porco Suicida|Хлюпик - Свинья - Самоубийца|軟軟自殺小豬|自殺子豚スクイジー|자살 돼지 스퀴시|Squishy, das Suizidgefährdete Schwein|Squishy le cochon suicidaire
relic_satansEye|Satan's Eye|Saatanan silmä|Olho de Satanás|Глаз сатаны|撒旦之眼|サタンの目|사탄의 눈|Satans Auge|Oeil de Satan
relic_mindBender|Homing Shots|Hakeutuvat ohjukset|Tiros Rastreadores|Самонаводящиеся Выстрелы|追蹤導彈|ホーミングショット|유도탄|Zielsuchende Schüsse|Tirs dirigés
relic_lightCola|Light Cola|Kevytkola|Cola Leve|Легкая Кола|淡可樂|ライトコーラ|라이트 콜라|Cola Light|Cola light
relic_theHolyGrail|The Holy Grail|Graalin malja|O Santo Graal|Святой Грааль|聖杯|ホーリー・グレイル|성배|Der Heilige Gral|Le Saint Graal
relic_monkeyKingBar|Monkey King Bar|Apinakuninkaan sauva|Bastão do Rei Macaco|"Бар ""Король обезьян"""|猴王酒吧|モンキーキングバー|여의봉|Stab des Affenkönigs|Bô de Sun Wukong
relic_hornedMask|Horned Mask|Sarvinaamio|Máscara de Chifre|Рогатая Маска|角面具|角のあるマスク|뿔 가면|Gehörnte Maske|Masque à cornes
relic_honeyBee|Honey Bee|Mehiläinen|Abelha|Медоносная Пчела|蜜蜂|ミツバチ|꿀벌|Honigbiene|Abeille
relic_1000kg|1000 KG|1000 KG|1000 KG|1000 КГ|1000 KG|1000 KG|1000 KG|1000 KG|1000 KG
relic_pickledBrain|Pickled Brain|Säilötyt aivot|Cérebro em Conserva|Маринованные Мозги|醃製腦|塩つけの脳みそ|뇌 절임|Eingelegtes Gehirn|Cerveau mariné
relic_keyGen|Keygen.exe|Keygen.exe|Keygen.exe|Keygen.exe|Keygen.exe|Keygen.exe|Keygen.exe|Keygen.exe|Keygen.exe
relic_dragonsHead|Dragon's Head|Lohikäärmeen pää|Cabeça de Dragão|Голова Дракона|龍之首|ドラゴンの頭|용의 머리|Drachenkopf|Tête de dragon
relic_winnersDrug|Winner's Drug|Voittajan huume|Drogas do Vencedor|Препарат победителя|勝者藥劑|勝者の薬剤|승자의 약물|Siegerdroge|Drogue du vainqueur
relic_casinoDice|Casino Die|Kasinonopat|Morte no Cassino|Casino Die|賭場骰子|カジノダイス|카지노용 주사위|Casino Würfel|Dé truqué
relic_lotteryTicket|Lottery Ticket|Lottokuponki|Bilhete de Loteria|Лотерейный билет|彩票|宝くじのチケット|복권|Lotterieschein|Billet de loterie
relic_vadjra|Vadjra|Vadjra|Vadjra|Ваджра|金剛杵|ヴァジュラ|바디라|Vadjra|Vajra
relic_maryosPipe|Maryo's Pipe|Maryon putki|Cano de Maryo's|Трубка Марио|馬力歐的管子|マリオのパイプ|마리요의 배관|Maryo's Rohr|Tuyau de Maryo
relic_rottenApple|Rotten Apple|Mätä omena|Maçã ´Podre|Гнилое Яблоко|腐爛蘋果|腐ったリンゴ|썩은 사과|Fauler Apfel|Pomme pourrie
relic_handOfMidas|Hand of Midas|Midaan käsi|Mão de Midas|Рука Мидаса|點石成金|ハンド・オブ・ミダス|미다스의 손|Hand des Midas|Main de Midas
relic_oversized|Oversized|Ylisuurennus|Imenso|Негабаритный|超大號|オーバーサイズ|거대화|Überdimensioniert|Surdimensionné
relic_fortuneCard|Fortune Card|Onnen kortti|Cartão da Fortuna|Карта Удачи|幸運卡|フォーチュンカード|행운의 카드|Schicksalskarte|Carte à gratter
relic_deliciousPie|Delicious Pie|Herkkupiiras|Torta Deliciosa|Вкусный Пирог|美味餡餅|美味しいパイ|맛있는 파이|Köstliche Torte|Tarte délicieuse
relic_amazonsSpears|Amazon's Spears|Amatsonin keihäät|Lanças da Amazona|Копья Амазонки|亞馬遜之矛|アマゾンのスピア|아마존의 창|Amazonenspeer|Lances de l'amazone
relic_jungleVial|Jungle Vial|Viidakkopullo|Frasco da Selva|Флакон из Джунглей|叢林藥水|ジャングルバイアル|정글 시약|Dschungel-Fläschchen|Fiole de la jungle
relic_manaDice|Mana Dice|Taikanopat|Dado de Mana|Кубики Маны|法力骰子|マナ・ダイス|마나 주사위|Mana Würfel|Dés de mana
relic_wizardsHat|A Wizard's Hat|Velhon hattu|O Chapéu de um Feiticeiro|Шляпа Волшебника|巫師帽|ウィザードの帽子|마법사의 모자|Ein Zaubererhut|Chapeau de sorcier
relic_zombiesFace|Zombie's Face|Zombien naama|Cara de Zumbi|Лицо зомби|殭屍之臉|ゾンビの顔|좀비 얼굴|Zombiegesicht|Visage de zombie
relic_metalDetector|Metal Detector|Metallinpaljastin|Detector de Metal|Металлоискатель|金属探测器|金属探知機|금속 탐지기|Metalldetektor|Détecteur de métaux
relic_lootARang|Loot-A-Rang|Loot-A-Rang|Loot-A-Rangue|Награбленное|戰利品回收器|ルート・ア・ラング|루트-어-랭|Loot-A-Rang|Butinrang
relic_propHuntKit|Prop Hunt Kit|Prop Hunt Kit|Prop Hunt Kit|Набор для охоты за Реквизитом|道具獵人工具包|プロップハントキット|프롭 헌트 키트|Prop Hunt Kit|Accessoire de chasseur pro
relic_doggo|Doggo|Doggo|Doggo|Догго|Doggo|ドッゴ|도고|Doggo|Doggo
relic_stevesDirtyHead|Steve's Dirty Head|Steve's Dirty Head|Cabeça Suja de Steve|Грязная голова Стива|史蒂夫的髒頭顱|スティーブの汚れた頭|스티브의 더러운 머리|Steve's Dreckiger Kopf|Tête sale de Steve
relic_lostWand|Lost Wand|Lost Wand|Varinha Perdida|Потерянная Палочка|失落魔杖|失われた杖|잃어버린 완드|Verlorener Zauberstab|Baguette perdue
relic_wizardsMindBomb|Wizard's Mind Bomb|Wizard's Mind Bomb|Bomba Mental do Mago|Ментальная бомба Волшебника|巫師的心靈炸彈|ウィザードの精神爆弾|위저드의 마인드 봄|Zauberers Gedächtnisbombe|Bombe spirituelle du sorcier
relic_newtTail|Newt Tail|Newt Tail|Rabo de Newt|Хвост Тритона|蠑螈尾巴|イモリの尾|뉴트의 꼬리|Molchschwanz|Queue de triton
relic_candyBasket|Candy Basket|Karkkikori|Cesta de Doces|Корзина для Конфет|糖果籃|キャンディバスケット|사탕 바구니|Süßigkeitenkorb|Panier de bonbons
relic_snowball|Snowball|Lumipallo|Bola de Neve|Снежный Ком|雪球|スノーボール|눈덩이|Schneeball|Boule de neige
relic_thiefsGlove|Thief's Glove|Varkaan käsine|Luva do Ladrão|Воровская перчатка|盜賊手套|泥棒の手袋|도둑의 장갑|Diebeshandschuh|Gant de voleur
relic_shocker3000|Shocker-3000|Sähkötin-3000|Shocker-3000|Шокер-3000|震撼器-3000|ショッカー-3000|쇼커 -3000|Schocker-3000|Choc-3000
relic_flail|Flail|Varsta|Mangual|Цеп|連枷|フレイル|플레일|Morgenstern|Fléau
relic_soulBox|Soul Box|Sielulaatikko|Caixa de Almas|Шкатулка для Души|靈魂之盒|ソウルボックス|소울 박스|Seelenbox|Boîte d'âme
relic_chickenMask|Chicken Mask|Kananaamari|Máscara de Galinha|Куриная Маска|小雞面具|チキンマスク|치킨 마스크|Hühnchen-Maske|Masque de poulet
relic_cursedBook|Cursed Book|Kirottu kirja|Livro Amaldiçoado|Проклятая Книга|詛咒之書|呪われた本|저주받은 책|Verfluchtes Buch|Livre maudit
relic_headExtractor|Head Extractor|Päänkeräin|Extrator de Cabeças|Головной Экстрактор|斬首器|ヘッドエクストラクター|헤드 추출기|Kopf-Auszieher|Extracteur de tête
relic_bombBoat|Bomb|Pommi|Bomba|Бомба|炸彈|ボム|폭탄|Bombe|Bombe
relic_fishNet|Fish Net|Kalaverkko|Rede de Pesca|Рыболовная Сеть|魚網|フィッシュネット|피시 넷|Fischnetz|Filet de pêche
relic_bookOfCommand|Book of Command|Komennusten kirja|Livro do Comando|Книга повелений|指揮書|支配の書|커맨드 북|Buch der Beherrschung|Livre du commandement
relic_sucker5000|Sucker-5000|Imuri-5000|Aspirador-5000|Присоска-5000|吸力槍-5000|サッカー-5000|써커 5000|Sauger-5000|Aspi-5000
relic_sucker5000b|Sucker-5000-B|Imuri-5000-B|Aspirador-5000-B|Присоска-5000-B|吸力槍-5000-B|サッカー-5000-B|써커 5000-B|Sauger-5000-B|Aspi-5000-B
relic_pulser|Gamma Pulser||Pulsador Gama||γ 脈衝發生器|ガンマパルサー|감마 펄서||
||||||||||
desc_relic_devilHorn|Power of the most unclean, in your pocket.||O poder do mais impuro, em seu bolso.|Сила самого нечистого у тебя в кармане.|在你的口袋裡藏著最邪惡的力量|最も不浄なる力、あなたのポケットに。|가장 불결한 힘을 당신의 주머니에.||Le pouvoir des plus immondes, dans votre poche.
desc_relic_demonSheep|Beware, the sheep with red eyes.||Cuidado com a ovelha de olhos vermelhos.|Остерегайтесь овец с красными глазами.|小心,那隻眼睛紅色的羊|赤い目をした羊に気をつけろ。|붉은 눈을 가진 양을 조심하세요.||Méfiez-vous des moutons aux yeux rouges.
desc_relic_doomFlute|Play the tunes of doom.||Toque as músicas da desgraça.|Играйте мелодии рока.|奏響末日的旋律|破滅の旋律を奏でよ。|파멸의 선율을 연주하세요.||Jouez des mélodies funestes.
desc_relic_frozenOrb|Nobody knows what kind of magic is frozen within it.||Ninguém sabe que tipo de magia está congelada dentro dele.|Никто не знает, какая магия заключена в нем.|沒人知道其中封存著何種魔法|その中にどんな魔法が秘められているか誰も知らない。|무슨 마법이 얼어붙었는지는 아무도 모릅니다.||Personne ne sait quel genre de magie y est figé.
desc_relic_nunchucks|Remember to practice first.||Lembre-se de praticar antes|Не забудьте сначала потренироваться.|記得先練習|まずは練習を忘れずに。|먼저 연습하는 걸 잊지 마세요.||N'oubliez pas de vous entraîner d'abord.
desc_relic_rubberDuck|Quack.||Quack.|Шарлатан.|嘎嘎|クワック。|꽥.||Coin-coin.
desc_relic_skullAxe|Finest steel with the sharpest cut. Cuts to bone like butter.||O aço mais fino com o corte mais afiado. Corta o osso como se fosse manteiga.|Тончайшая сталь с максимально острым срезом. Режет до кости, как масло.|最好的鋼鐵,最鋒利的切口. 切到骨頭就像切到奶油一樣容易|最高級の鋼と鋭い切れ味。骨をバターのように切り裂く。|가장 날카로운 절단력을 지닌 최고급 강철. 뼈까지 버터처럼 자릅니다.||L'acier le plus fin avec la coupe la plus tranchante. Il coupe de l'os comme du beurre.
desc_relic_theSpoon|You’ll see it is not the spoon that bends. It is only ourself.||Você verá que não é a colher que se dobra. É apenas nós mesmos.|Вы увидите, что гнется не ложка. Это всего лишь мы сами.|你會發現彎曲的並不是勺子,而是我們自己|曲がるのはスプーンじゃない。自分自身だ。|구부러지는 것은 숟가락이 아니라, 우리 자신입니다.||Vous verrez que ce n'est pas la cuillère qui plie. C'est seulement nous-mêmes.
desc_relic_stormDagger|Unleash the storm.||Liberte a tempestade.|Дай волю буре.|釋放風暴|嵐を解き放て。|폭풍을 해방하라.||Libérez la tempête.
desc_relic_odinsSword|Who dares to try and wield it?||Quem se atreve a tentar empunhá-la?|Кто осмелится попытаться завладеть им?|誰敢嘗試駕馭它|誰がそれを扱う勇気がある？|이걸 쓸 자격이 있는 자는 누구인가?||Qui ose vouloir la manier ?
desc_relic_theAmputationKit|Who needs legs anyway.||Quem precisa de pernas, afinal?|Кому вообще нужны ноги.|反正誰還需要腿呢|どうせ足なんて要らない。|다리는 필요 없잖아요.||Qui a besoin de jambes de toute façon ?
desc_relic_skullBat|Hmh. Salty.||Hmh. Salgado.|Хм... Солоноватый.|嗯. 鹹鹹的|ふむ、しょっぱいな。|흠. 짜다.||Hmh. Salé.
desc_relic_shredder|Could it cut Chaos Tower legs?||Ela poderia cortar as pernas da Torre do Caos?|Может ли это перерезать опоры Башни Хаоса?|它能砍斷混沌之塔的腿嗎?|カオスタワーの脚を切れるかも？|카오스 타워의 다리도 자를 수 있을까?||Pourrait-il couper les jambes de la Tour du chaos ?
desc_relic_stigmata|Vampires? What a joke.||Vampiros? Que piada.|Вампиры? Что за шутка.|吸血鬼？真是個笑話|ヴァンパイア？冗談だ。|뱀파이어? 무슨 농담이야.||Des vampires ? Quelle blague !
desc_relic_magicMushroom|Expand your mind, let your ego die.||Expanda sua mente, deixe seu ego morrer.|Расширьте свой разум, позвольте своему эго умереть.|拓寬你的思維,讓你的自我死去|心を広げ、エゴを捨てろ。|마음을 확장하고, 자아를 내려놓으세요.||Développez votre esprit, laissez mourir votre ego.
desc_relic_jefresSubscription|Like & Subscribe||Curta e se Inscreve|Ставьте лайк и подписывайтесь|點贊與訂閱|いいね＆チャンネル登録を。|좋아요 & 구독 부탁드려요.||Cloche et pouce bleu
desc_relic_rockBelt|Does not contain Heavy Metals.||Não contém metais pesados.|Не содержит тяжелых металлов.|不含重金屬|重金属は含まれていません。|중금속은 포함되어 있지 않습니다.||Ne contient pas de Heavy Metal.
desc_relic_sausage|Let’s have a barbeque in hell.||Vamos fazer um churrasco no inferno.|Давай устроим барбекю в аду.|讓我們在地獄裡燒烤吧|地獄でバーベキューをしよう。|지옥에서 바비큐 파티 한 판 하시죠.||Un barbecue en enfer.
desc_relic_spiritSkull|An Ancient skull with a spirit inside.||Um crânio antigo com um espírito dentro.|Древний череп с духом внутри.|一個裡面有靈魂的古代頭骨|精霊が宿る古代の頭蓋骨。|영혼이 깃든 고대의 해골입니다.||Un crâne ancien, son esprit est encore à l'intérieur.
desc_relic_apple|An apple a day, keeps the evil away.||Uma maçã por dia mantém o mal longe.|Одно яблоко в день отгоняет зло.|一天一個蘋果，邪惡遠離你|一日一個のリンゴは悪を遠ざける。|하루 한 개의 사과가 악을 물리칩니다.||Manger une pomme avant d'aller au lit empêche le médecin de gagner son pain.
desc_relic_fetus|Unborn and forgotten.||Não nascido e esquecido.|Нерожденный и забытый.|未曾誕生，已被遺忘|生まれず忘れ去られた者。|태어나지도, 기억되지도 못한 자.||Mort-né et abandonné.
desc_relic_theEye|Don’t force the eye.||Não force o olhar.|Не напрягайте зрение.|不要強迫眼睛|目を無理に開けるな。|눈을 억지로 뜨지 마세요.||Ne forcez pas l'œil.
desc_relic_devilSkull|Artifact of evil and rage.||Artefato do mal e da raiva.|Артефакт зла и ярости.|邪惡和憤怒的神器|悪と怒りの遺物。|증오와 분노의 유물.||Artefact empli de haine et de colère.
desc_relic_whip|Back to grave, undead.||De volta ao túmulo, morto-vivo.|Возвращайся в могилу, нежить.|回歸墳墓,亡靈|墓へ帰れ、不死者よ。|무덤으로 돌아가라, 언데드여.||Retourne dans la tombe, mort-vivant.
desc_relic_cake|It is so delicios it kills me.||É tão delicioso que me mata.|Это настолько восхитительно, что убивает меня.|它如此美味,簡直要了我的命|とても美味しくて、死にそうだ。|너무 맛있어서 죽을 맛이에요.||Ça me tue tellement c'est bon.
desc_relic_cookiesMilk|You stole Santas snack.||Você roubou o lanche do Papai Noel.|Ты украл закуску Деда Мороза.|你偷了聖誕老人的零食|サンタのスナックを盗んだな。|산타의 간식을 훔쳤군요.||Tu as volé le goûter du Père Noël.
desc_relic_blazingBoots|Run so fast you leave a trail of flames.||Corra tão rápido que deixa um rastro de chamas.|Беги так быстро, что оставляешь за собой огненный след.|跑得太快,留下一道火焰軌跡|火の跡を残して猛ダッシュ。|달릴 때 불꽃 자국이 남을 정도로 빨라집니다.||Cours si vite que tu laisses une traînée de flammes.
desc_relic_charmedBlood|Vampires? Not a joke.||Vampiros? Não é uma piada.|Вампиры? Это не шутка.|吸血鬼？一點也不好笑|ヴァンパイア？冗談じゃない。|뱀파이어? 농담이 아니에요.||Des vampires ? Ce n'est pas une blague.
desc_relic_shrunkenHead|This once belonged to Papa Legba.||Isso já pertenceu a Papa Legba.|Когда-то он принадлежал папе Легбе.|這曾經屬於莱巴爸爸|かつてパパ・レグバのものだった。|이것은 한때 파파 레그바의 것이었습니다.||Ceci a appartenu à Papa Legba.
desc_relic_oddBookOfSpells|Warning: These spells are untested.||Advertência: Esses feitiços não foram testados.|Предупреждение: Эти заклинания не проверены.|警告：這些咒語未經測試|警告：これらの呪文は未検証です。|경고: 이 주문들은 테스트되지 않았습니다.||Avertissement : Ces sorts n'ont pas été testés.
desc_relic_ancientRock|Needs googly eyes.||Precisa de olhos esbugalhados.|Нужен гуглистый взгляд.|需要一雙靈動的眼睛|ぐるぐる目玉が必要。|구글리 눈이 필요합니다.||Nécessite des yeux globuleux.
desc_relic_theHolyBible|In the name of the spirit.||Em nome do espírito.|Во имя святого духа.|以靈魂的名義|精霊の名のもとに。|영혼의 이름으로.||Au nom de l'esprit.
desc_relic_aaronsStaff|Staff of Aaron with healing power.||Cajado de Aaron com poder de cura.|Посох Аарона, обладающий исцеляющей силой.|附有治癒力量的亞倫之杖|回復の力を持つアーロンの杖。|치유의 힘을 지닌 아론의 지팡이.||Bâton d'Aaron empli du pouvoir de guérison.
desc_relic_ogreClub|The ogre was one ugly fellow.||O ogro era um sujeito feio.|Людоед был на редкость уродливым парнем.|食人魔曾經是個醜陋的傢伙|オーガは見た目がひどかった。|그 오우거는 진짜 못생겼었죠.||L'ogre était un vilain personnage.
desc_relic_basilisksTooth|Be careful, it might still contain poison.||Tenha cuidado, pois ele ainda pode conter veneno.|Будь осторожен, в нем все еще может содержаться яд.|小心,它可能仍然含有毒藥|注意しろ、まだ毒が残っているかもしれない。|아직도 독이 남아 있을지도 모릅니다. 조심하세요.||Attention, il peut encore contenir du poison.
desc_relic_twinBlade|Sharp blade for Critical Strikes.||Lâmina afiada para golpes críticos.|Острое лезвие для нанесения критических ударов.|用於暴擊的鋒利刀片|クリティカルヒット用の鋭い刃。|치명타에 특화된 날카로운 검입니다.||Lame tranchante pour les coups critiques.
desc_relic_handScythe|Excellent tool for slaughtering.||Excelente ferramenta para abates.|Отличный инструмент для забоя скота.|屠殺的極佳工具|虐殺に最適な道具。|도살에 최적인 도구입니다.||Excellent outil pour le massacre.
desc_relic_templarShield|Knights protector.||Protetor de cavaleiros.|Рыцари-защитники.|騎士保護者|騎士の守護者。|기사의 수호자.||Protecteur des chevaliers.
desc_relic_kingsCrown|Gurag won’t need this.||Gurag não precisará disso.|Гурагу это не понадобится.|古拉格不會再需要這個了|グラッグには不要だろう。|구라그는 이걸 더 이상 필요로 하지 않아요.||Gurag n'en aura pas besoin.
desc_relic_damnedBuckler|It holds a curse within.||Ele contém uma maldição em seu interior.|Оно таит в себе проклятие.|它裡面蘊含著詛咒|呪いを宿している。|저주가 깃들어 있습니다.||Il contient une malédiction.
desc_relic_dragonShield|Carefully crafted from the scales of a dragon.||Cuidadosamente criado com as escamas de um dragão.|Тщательно изготовленная из чешуи дракона.|由龍鱗精心打造而成|ドラゴンの鱗から丁寧に作られた。|용의 비늘로 정교하게 제작되었습니다.||Fabriqué avec soin à partir des écailles d'un dragon.
desc_relic_barbedShield|Thorns: Easiest way to revenge.||Espinhos: A maneira mais fácil de se vingar.|Шипы: Самый простой способ отомстить.|荊棘：最容易的報仇方式|トゲ：復讐の最も簡単な方法。|가시: 가장 쉬운 복수 방법.||Des épines : Le moyen le plus facile de se venger.
desc_relic_helmOfChaos|Some say you find more Chaos Towers with this.||Alguns dizem que você encontra mais Torres do Caos com isso.|Некоторые говорят, что с этим можно найти еще больше Башен Хаоса.|有人說,有了它,你能找到更多混沌之塔|これでカオスタワーがもっと見つかると言う者もいる。|이걸 들고 있으면 카오스 타워를 더 자주 만날 수 있다는 소문이 있어요.||Certains disent qu'on trouve plus de Tours du chaos avec ça.
desc_relic_bracerOfLife|Embrace the life, as it is most valuable thing you will ever have.||Abrace a vida, pois ela é a coisa mais valiosa que você terá.|Примите жизнь, потому что это самое ценное, что у вас когда-либо будет.|擁抱生命,因為它是你擁有的最寶貴的東西|命を抱きしめろ、それが人生で最も大切なものだ。|삶을 포용하세요. 그것이 당신이 가질 수 있는 가장 소중한 것입니다.||Embrassez la vie, c'est la chose la plus précieuse que vous ayez jamais eue.
desc_relic_tokenOfLuck|Feeling lucky?||Está se sentindo com sorte?|Чувствуешь себя счастливым?|感覺幸運嗎?|運を感じるか？|행운을 시험해보시겠어요?||Vous vous sentez chanceux ?
desc_relic_theAllmightyFedora|The Ultimate knowledge of first 169 digits of Pi.||O conhecimento definitivo dos primeiros 169 dígitos de Pi.|Абсолютное знание первых 169 цифр числа Пи.|對π的前169位數字的終極知識|円周率の最初の169桁の究極の知識。|원주율 169자리까지의 궁극 지식.||La connaissance ultime des 169 premiers chiffres de Pi.
desc_relic_guardianAngel|Eternal protector.||Protetor eterno.|Вечный защитник.|永恆的守護者|永遠の守護者。|영원한 수호자.||Un protecteur éternel.
desc_relic_bookOfBelial|It’s funny if you think that he sits down and writes books.||É engraçado se você pensar que ele se senta e escreve livros.|Забавно, если вы думаете, что он садится и пишет книги.|如果你想像他坐下來寫書是有趣的話|彼が座って本を書いていると思うと面白い。|그가 책을 앉아서 쓴다고 생각하면 좀 웃기지 않나요?||C'est drôle si vous pensez qu'il s'assoit et écrit des livres.
desc_relic_doubleScythe|Double the blade, double the blood.||O dobro da lâmina, o dobro do sangue.|Удвойте лезвие, удвоьте количество крови.|刀刃加倍,鮮血加倍|刃を二倍にすれば血も二倍。|검이 두 개면, 피도 두 배.||Deux fois plus de lames, pour deux fois plus de sang.
desc_relic_fireIce|As opposites meet, potential is unmatched.||Quando os opostos se encontram, o potencial é inigualável.|Когда противоположности встречаются, потенциал не имеет себе равных.|當對立面相遇時,潛力是無與倫比的|対極が出会うと、可能性は無限大。|상반된 것들이 만나면, 그 잠재력은 무한합니다.||Lorsque les opposés se rencontrent, le potentiel est inégalé.
desc_relic_LightKatana|Search your feelings, you know it to be awesome.||Procure seus sentimentos, você sabe que é incrível.|Исследуйте свои чувства, вы знаете, что это потрясающе.|探索你的感受,你知道它很棒|感じろ、自分の気持ち、これが最高だと分かるはず。|당신의 감정을 들여다보세요. 멋지다는 걸 알 수 있을 겁니다.||Cherchez dans vos émotions, vous savez que c'est génial.
desc_relic_dirge|Sharp and agile weapon made to hurt.||Arma afiada e ágil feita para machucar.|Острое и проворное оружие, созданное для того, чтобы причинять боль.|鋒利敏捷的武器,專為傷害而生|鋭く敏捷な武器、痛めつけるために作られた。|날렵하고 예리한 무기.||Arme tranchante et agile faite pour blesser.
desc_relic_razorWire|Causes severe bleeding.||Causa sangramento grave.|Вызывает сильное кровотечение.|造成嚴重出血|激しい出血を引き起こす。|심각한 출혈을 유발합니다.||Provoque de graves hémorragies.
desc_relic_rainbowGate|Is this a piece of Bifröst?||Isto é um pedaço de Bifröst?|Это что, кусочек Бифреста?|這是彩虹橋的一部分嗎?|これはビフレストのかけらか？|혹시 이것, 비프로스트의 조각인가요?||Est-ce un morceau de Bifröst ?
desc_relic_theGlove|What was yours is mine now.||O que era seu é meu agora.|То, что было твоим, теперь мое.|曾經是你的東西現在是我的了|お前のものはもう俺のものだ。|네 것이 이제 내 것이 되었어.||Ce qui était à toi est à moi maintenant.
desc_relic_flySwatter|Ew, bugs.||Eca, insetos.|Фу, жуки.|嗯,蟲子們.|うわ、虫だ。|윽, 벌레들.||Beurk, des insectes.
desc_relic_hellscreamAxe|Unlimited rage.||Raiva ilimitada.|Безграничная ярость.|無盡的憤怒|無限の怒り。|무한한 분노.||Une rage sans limite.
desc_relic_frostMourne|The handle is frozen and so is your fingers.||A alça está congelada, assim como seus dedos.|Ручка замерзла, как и ваши пальцы.|柄被凍住了,你的手指也被凍住了|柄が凍っている、指も同じく。|손잡이도 얼어 있고, 당신의 손가락도 얼어붙습니다.||La poignée est gelée et maintenant tes doigts aussi.
desc_relic_commandersSword|With this sword I command and lead.||Com esta espada eu comando e lidero.|Этим мечом я командую и веду за собой.|有了這把劍,我將指揮並領導|この剣で命令し、導く。|이 검으로 나는 명령하고, 리드합니다.||Avec cette épée, je commande et je dirige.
desc_relic_butchersKnife|Mmmh fresh meat.||Mmmh carne fresca.|Ммм, свежее мясо.|嗯,新鮮的肉|うーん、新鮮な肉だ。|음~ 신선한 고기.||Mmmh de la viande fraîche.
desc_relic_warZeppelin|Air Support!||Suporte aéreo!|Поддержка с воздуха!|空中支援|空中支援！|공중 지원!||Soutien aérien !
desc_relic_deathsScythe|Grim Reaper kindly asked if you could return this.||O Ceifador gentilmente perguntou se você poderia devolver isso.|Мрачный Жнец любезно попросил вас вернуть это.|死神友善地問你是否可以歸還這個|死神が丁寧に返却を頼んでいる。|사신이 이걸 돌려달라고 부탁했어요.||La Faucheuse sinistre a gentiment demandé si vous pouviez rendre ceci.
desc_relic_angelStaffOfApocalypse|Feel the heavens wrath!||Sinta a ira dos céus!|Почувствуй гнев небес!|感受天堂的憤怒|天の怒りを感じろ！|천상의 분노를 느껴라!||Sentez la colère des cieux !
desc_relic_rocketBarrage|Mark the spot and let the hell rain.||Marque o local e deixe o inferno chover.|Отметьте это место и пусть льет как из ведра.|標記位置,讓地獄的雨下個不停|目印をつけて、地獄の雨を降らせろ。|표식을 지정하고 지옥의 비를 내려라||Indiquez l'endroit et faites pleuvoir l'enfer.
desc_relic_shiv|Excellent throwing weapon with sharp blades.||Excelente arma de arremesso com lâminas afiadas.|Отличное метательное оружие с острыми лезвиями.|具有鋒利刀片的優良投擲武器|鋭い刃を持つ優れた投擲武器。|날카로운 칼날이 달린 뛰어난 투척 무기.||Excellente arme de jet avec des lames tranchantes.
desc_relic_stickmanSteve|Hihihi my balls are itchy.||Hihihi minhas bolas estão com coçando.|Хихихи, у меня яйца чешутся.|嗨嗨我的蛋蛋很癢|ひひひ、玉がかゆい。|히히히, 내 엉덩이가 간지러워.||J'ai mes bonbons qui font des bons.
desc_relic_bomb|It’s Bomb. Not Bo-Omb.||É bomba. Não Bo-Omba.|Это бомба. Не Бомба.|這是炸彈|爆弾だ、ボーオームじゃない。|"이건 폭탄입니다. ""보-옴""이 아닙니다."||C'est Bomb. Pas Bob-Omb.
desc_relic_meatHook|Let’s get the meat hanging up there.||Vamos deixar a carne pendurada lá em cima.|Давайте повесим мясо вон там.|讓我們把肉掛在那裡|肉をあそこに吊るそう。|저기 고기를 매달아 봅시다.||Il faut que la viande soit bien accrochée là-haut.
desc_relic_candyCrusher|It almost feels like a saga.||Quase parece uma saga.|Это почти похоже на сагу.|感覺就像是個傳奇|まるでサーガのようだ。|마치 전설처럼 느껴지네요.||On dirait presque une saga.
desc_relic_cheeseBurger|Ah, the sweet taste of freedom.||Ah, o doce sabor da liberdade.|Ах, сладкий вкус свободы.|啊,自由的甜蜜滋味|ああ、自由の甘い味。|자유의 달콤한 맛.||Ah, le doux goût de la liberté.
desc_relic_triForce|Three forces forged together.||Três forças forjadas juntas.|Три силы объединились.|三種力量匯聚在一起|三つの力が一つに鍛えられた。|세 가지 힘이 하나로 합쳐졌습니다.||Trois forces forgées ensemble.
desc_relic_cactus|Ouch, spiky.||Ai, espinhoso.|Ай, колючий.|哎喲,尖刺|痛い、トゲトゲ。|아야, 가시.||Aïe, épineux.
desc_relic_razerBlade|Now this is really sharp, could cut beard with it.||Isso é realmente afiado, poderia cortar a barba com ele.|Вот это действительно остро, им можно подстричь бороду.|現在這真的很鋒利,可以用它來刮鬍子|これは本当に鋭い、髭も切れそうだ。|진짜 예리해서 수염도 잘릴 듯.||Ça, c'est vraiment tranchant, on pourrait tailler de la barbe avec.
desc_relic_assassinsShuriken|Like a true ninja.||Como um verdadeiro ninja.|Как настоящий ниндзя.|像個真正的忍者|本物の忍者のように。|진정한 닌자처럼.||Comme un vrai ninja.
desc_relic_theSun|Don’t look straight at it.||Não olhe diretamente para ele.|Не смотрите на это прямо.|不要直視它|直視するな。|직접 보지 마세요.||Ne le regardez pas en face.
desc_relic_razerHeadset|I’m all about that base.||Sou totalmente a favor dessa base.|Я всецело за эту базу.|我只關心那個低音|ベースは大事だ。|나는 베이스가 전부라고 생각해요.||J'adore ce morceau!
desc_relic_mayosOldSock|Use a gasmask if you choose to carry this around.||Use uma máscara de gás se você optar por carregá-la.|Используйте противогаз, если решите носить его с собой.|如果您選擇隨身攜帶,請使用防毒面具|持ち歩くならガスマスクを使え。|이걸 들고 다닐 거면 가스마스크를 착용하세요.||Utilisez un masque à gaz si vous décidez de la porter.
desc_relic_tequila|A drop doesn’t kill you, and you can’t drown in a bucket.||Uma gota não o mata, e você não pode se afogar em um balde.|Капля не убьет тебя, и ты не можешь утонуть в ведре.|一滴水不會殺死你,你也不會被水桶給淹死|一滴で死ぬことはなく、バケツで溺れもしない。|한 방울로는 안 죽어요. 양동이로도 익사 안 돼요.||Une goutte ne tue pas et on ne se noie pas dans verre d'eau.
desc_relic_theMightySushi|Sushi Motherload!||Sushi Motherload!|Куча суши, мать твою!|大量壽司!|寿司の母体！|스시 마더로드!||Par la mère de tous les sushis !
desc_relic_karpHead|It might be rotten, according to smell at least.||Talvez esteja podre, pelo menos de acordo com o cheiro.|Оно может быть гнилым, по крайней мере, судя по запаху.|至少從氣味來看可能已經腐爛了|臭いからして腐っているかも。|썩었을지도 몰라요, 냄새로는.||L'odeur le laisse présager que c'est probablement pourri.
desc_relic_lantern|It’s good to carry light with you when you dwelve in to the dark.||É bom levar uma luz com você quando estiver no escuro.|Хорошо нести с собой свет, когда ты пребываешь во тьме.|當你深入黑暗時,隨身攜帶光明是件好事|闇の中に入るなら、光を持ち歩くのが良い。|어둠 속으로 들어갈 땐 빛을 가지고 들어가세요.||Il est bon d'emporter de la lumière avec soi lorsqu'on s'enfonce dans l'obscurité.
desc_relic_razorLeaf|Nature offers it’s finest.||A natureza oferece o que há de melhor.|Природа предлагает самое лучшее.|大自然最好的餽贈|自然が最高のものを提供する。|자연이 내어준 최고의 선물.||La nature offre ce qu'elle a de plus beau.
desc_relic_ninjaHook|Swing from roof to roof.||Balance de telhado em telhado.|Перепрыгивайте с крыши на крышу.|從一個屋頂盪到另一個屋頂|屋根から屋根へ飛び移れ。|지붕에서 지붕으로 휘익.||Se balancer de toit en toit.
desc_relic_riceChopsticks|Even heroes need to eat.||Até mesmo os heróis precisam comer.|Даже героям нужно есть.|英雄也要吃飯|ヒーローだって食べなきゃ。|영웅도 밥은 먹어야죠.||Même les héros ont besoin de manger.
desc_relic_minisect|Smaller hivemind at your service.||Uma mente coletiva menor a seu serviço.|Меньший разум улья к вашим услугам.|更小的蜂巢思維為您服務|小さな集合意識があなたに仕える。|작지만 하나의 집단 의식.||Un petit esprit de ruche à votre service.
desc_relic_shadeOfDeath|Harness the power of death.||Aproveite o poder da morte.|Используй силу смерти.|駕馭死亡的力量|死の力を操れ。|죽음의 힘을 다루세요.||Maîtrisez le pouvoir de la Mort.
desc_relic_dislocatedEye|Who’s eye is this?!||De quem é esse olho?|Чей это глаз?!|這是誰的眼睛|これは誰の目だ？！|누구의 눈이죠, 이건?||C'est l'œil de qui ?
desc_relic_halfEatenMochi|It came from the rice fields.||Ele veio dos campos de arroz.|Он доносился с рисовых полей.|它來自稻田|田んぼから来た。|논에서 온 거예요.||Il vient des rizières.
desc_relic_bonsaiTree|Take good care of it.||Cuide bem dele.|Хорошенько позаботьтесь об этом.|好好照顧它|大切に扱え。|잘 간수하세요.||Prenez-en bien soin.
desc_relic_daPlayersDislocatedHead|It attracts flies.||Ele atrai moscas.|Это привлекает мух.|它會吸引蒼蠅|ハエを引き寄せる。|파리를 끌어들입니다.||Ca attire les mouches.
desc_relic_witchClaw|Once used for a ritual to curse someone.||Já foi usado em um ritual para amaldiçoar alguém.|Когда-то использовался для ритуала, чтобы проклясть кого-то.|曾經用於詛咒某人的儀式|かつて呪いの儀式に使われた。|누군가를 저주하기 위한 의식에 쓰였었죠.||Utilisé une fois pour un rituel de malédiction.
desc_relic_shatteredKatana|What use could a broken sword be?||Qual seria a utilidade de uma espada quebrada?|Какая польза может быть от сломанного меча?|斷劍有什麼用?|壊れた剣は何の役に立つ？|부러진 검이 무슨 소용이죠?||À quoi peut bien servir une épée cassée ?
desc_relic_orbOfFire|Magical Orb of Fire.||Orbe Mágico de Fogo.|Магический Огненный шар.|火焰魔法寶珠|魔法の火のオーブ。|불의 마법 오브.||Orbe magique de feu.
desc_relic_orbOfIce|Magical Orb of Ice.||Orbe Mágico de Gelo|Волшебный Ледяной шар.|冰霜魔法寶珠|魔法の氷のオーブ。|얼음의 마법 오브.||Orbe magique de glace.
desc_relic_orbOfPoison|Magical Orb of Poison.||Orbe Mágico de Veneno.|Волшебный Шар с Ядом.|毒素魔法寶珠|魔法の毒のオーブ。|독의 마법 오브.||Orbe magique de poison.
desc_relic_orbOfChaos|Magical Orb of Pure Chaos.||Orbe Mágico de Puro Caos.|Магический Шар Чистого Хаоса.|純粹混沌魔法寶珠|純粋な混沌の魔法のオーブ。|혼돈의 마법 오브.||Orbe magique de pur chaos.
desc_relic_largeBeer|Don’t show it to Viking, he’ll be asking for another one.||Não o mostre ao Viking, ele pedirá outro.|Не показывай это Викингу, он попросит еще одно.|不要給維京人看到,他會再來一杯|バイキングに見せるな、もう一つ欲しがるぞ。|바이킹에게 보여주지 마세요. 하나 더 달라 할 테니.||Ne la montrez pas au viking, il vous en demandera une autre.
desc_relic_bouncy|But for real, how does it bounce?!||Mas de verdade, como que isso quica?|Но на самом деле, как он отскакивает?!|但實際上,它是如何反彈的?!|本当にどうやって跳ね返るんだ？|진심으로, 어떻게 튀는 거죠?||Mais pour de vrai, comment ça rebondit ?
desc_relic_balalayka|Play some beautiful tunes.||Toque algumas músicas bonitas.|Сыграй несколько красивых мелодий.|彈奏一些優美的曲子|美しい曲を演奏しろ。|아름다운 선율을 연주하세요.||Joue des airs magnifiques.
desc_relic_darts|Very accurate, if you are skilled.||Muito preciso, se você for habilidoso.|Очень точно, если вы опытный специалист.|非常準確,如果你熟練的話|熟練すれば非常に正確。|숙련자라면 정말 정확합니다.||Très précis, si vous êtes habile.
desc_relic_smallSpikey|Bring some metal into the battlefield.||Traga um pouco de metal para o campo de batalha.|Принесите немного металла на поле боя.|將一些金屬帶入戰場|戦場に金属を持ち込め。|전장에 메탈을 가져와 보세요.||Apportez un peu de métal sur le champ de bataille.
desc_relic_satansHorn|How did you obtain this?||Como você conseguiu isso?|Как вы это получили?|你是怎麼得到它的?|どうやって手に入れた？|이걸 어떻게 얻었죠?||Comment avez-vous ceci ?
desc_relic_necromancersFinger|Can be used for some rituals.||Pode ser usado em alguns rituais.|Может использоваться для некоторых ритуалов.|可以用於一些儀式|儀式にも使える。|어떤 의식에 쓸 수 있을지도 몰라요.||Peut être utilisé pour certains rituels.
desc_relic_jarOfFlies|Whatever you do, don’t break the jar.||Não importa o que você faça, não quebre a jarra.|Что бы вы ни делали, не разбейте банку.|無論你做什麼,都不要打破罐子|何をしても壺を壊すな。|절대 항아리를 깨지 마세요.||Quoi que vous fassiez, ne la brisez pas.
desc_relic_satansTooth|Blergh, it smells like sulfur.||Blergh, tem cheiro de enxofre.|Блин, пахнет серой.|嘔,聞起來像硫磺|くさっ、硫黄の臭いだ。|우웩, 유황 냄새야.||Blergh, ça sent le soufre.
desc_relic_butterflyKnife|But can you do tricks with it?||Mas você pode fazer truques com ele?|Но можете ли вы показывать с ним фокусы?|但你能用它來做一些技巧嗎?|でもこれでトリックはできるのか？|근데 묘기도 부릴 수 있나요?||Mais pouvez-vous faire des tours avec ?
desc_relic_lightningBall|It was said these were a myth?||Dizia-se que isso era um mito?|Было сказано, что это миф?|據說這些都是神話?|これは伝説と言われていた？|전설이라던데, 진짜였나요?||On dit que c'est un mythe ?
desc_relic_steamSale|Paarma-Gaben :D||Paarma-Gaben :D|Paarma-Gaben :D|G胖的禮物:D|パールマ-ガベン :D|파르마-게이벤 :D||Loué soit Lord GabeN
desc_relic_esEnergy|On jumalten juoma.||É a bebida dos deuses.|On jumalten juoma.|是神的飲料|神々の飲み物。|신들의 음료입니다.||Dans jumalten juoma.
desc_relic_boomerang|Does it come back?||Ele volta?|Возвращается ли оно?|它回來了嗎?|戻ってくるか？|돌아오나요?||Est-ce qu'il revient ?
desc_relic_squishyTheSuicidalPig|Just let it die already.||Deixe isso morrer de uma vez.|Просто позволь ему уже умереть.|讓它死吧|もう死なせてやれ。|그냥 놔두고 죽게 하세요.||Laissez-le mourir.
desc_relic_satansEye|Collector of Satan’s bodyparts?||Colecionador de partes do corpo de Satanás?|Коллекционер частей тела сатаны?|撒旦身體部位的收集者?|サタンの体の部品を集める者？|사탄의 신체 부위를 수집 중인가요?||Collectionneur de morceaux de corps de Satan ?
desc_relic_mindBender|What even is this?||O que é isso?|Что это вообще такое?|這到底是什麼?|これ、一体何？|이게 대체 뭐죠?||Qu'est-ce que c'est que ça ?
desc_relic_lightCola|The taste is off.||O sabor é ruim.|Вкус не тот.|味道不對|味が変だ。|맛이 이상합니다.||Ca n'a pas le même goût.
desc_relic_theHolyGrail|Mighty artifact with magical properties.||Artefato poderoso com propriedades mágicas.|Могущественный артефакт с магическими свойствами.|具有神奇屬性的強大神器|魔法の力を持つ強力な遺物。|마법적인 힘을 지닌 강력한 유물.||Puissant artefact aux propriétés magiques.
desc_relic_monkeyKingBar|Can be extended.||Pode ser estendido.|Может быть расширен.|可以延長|延長可能。|늘릴 수 있습니다.||Peut être étendu.
desc_relic_hornedMask|A Mask!? With Horns!??||Uma máscara!? Com chifres!??|Маска!? С Рогами!??|面具? 有角!??|角付きのマスク！？|가면이네요?! 뿔도 있다고요?!||Un masque ? Avec des cornes ! ??
desc_relic_honeyBee|Bzzzz bzz bz bz bzzzzzzz bzzzzz bz bzzzz bzz bzzzzzzzz bz bzzz ||Bzzzz bzz bz bz bzzzzzzz bzzzzz bz bzzzz bzz bzzzzzzzz bz bzzz |Bzzzz bzz bz bz bzzzzzzz bzzzzz bz bzzzz bzz bzzzzzzzz bz bzzz |Bzzzz bzz bz bz bzzzzzzz bzzzzz bz bzzzz bzz bzzzzzzzz bz bzzz|Bzzzz bzz bz bz bzzzzzzz bzzzzz bz bzzzz bzz bzzzzzzzz bz bzzz|Bzzzz bzz bz bz bzzzzzzz bzzzzz bz bzzzz bzz bzzzzzzzz bz bzzz||Bzzzz bzz bz bz bzzzzzzz bzzzzz bz bzzzz bzzzzzzzzzz bz bzzzzz 
desc_relic_1000kg|Really, really heavy.||Muito, muito pesado.|Очень, очень тяжелый.|真的,真的很重.|本当に本当に重い。|진짜, 진짜 무겁습니다.||Vraiment, vraiment lourd.
desc_relic_pickledBrain|Tastes like pickles!||Tem gosto de picles!|На вкус как маринованные огурцы!|嘗起來像泡菜|ピクルスの味がする！|피클 맛!||On dirait des cornichons !
desc_relic_keyGen|Crack the game!||Quebre o jogo!|Взломай игру!|破解遊戲!|ゲームをクラッシュさせろ！|게임을 박살내세요!||Pirate le jeu !
desc_relic_dragonsHead|Spit fire like a dragon.||Cuspa fogo como um dragão.|Плюющийся огнем, как дракон.|像龍一樣噴出火焰|竜のように火を吹け。|용처럼 불을 뿜으세요.||Crache du feu comme un dragon.
desc_relic_winnersDrug|Dopium!||Dopium!|Допиум!|興奮劑|ドピウム！|도피움!||À l'insu de mon plein gré !
desc_relic_casinoDice|Good luck.||Boa sorte.|Удачи.|祝好運|幸運を祈る。|행운을 빕니다.||Bonne chance.
desc_relic_lotteryTicket|Is it a winning ticket?||É um bilhete premiado?|Это выигрышный билет?|是中獎彩券嗎|当たりくじか？|당첨 복권일까요?||Est-ce un ticket gagnant ?
desc_relic_vadjra|This old spear belong to one of the fiercest warriors of her time.||Essa lança antiga pertenceu a uma das guerreiras mais ferozes de sua época.|Это старинное копье принадлежало одной из самых свирепых воительниц своего времени.|這把古老的長矛屬於她那個時代最兇猛的戰士之一|この古い槍はその時代の最も激しい戦士の一人のものだった。|이 오래된 창은 그녀 시대의 가장 강한 전사 중 하나의 것이었습니다.||Cette vieille lance appartenait à l'une des plus féroces guerrières de son temps.
desc_relic_maryosPipe|Pop in, hop out.||Entre e saia.|Заскакивай, выпрыгивай.|跳進去,然後跳出來|飛び込んで、飛び出せ。|휙 들어갔다가, 휙 나옵니다.||Tu me vois, tu me vois plus !
desc_relic_rottenApple|Disgusting, but powerful.||Nojento, mas poderoso.|Отвратительный, но могущественный.|令人噁心,但很強大|きもちわるいが強力。|역겹지만 강력합니다.||Dégoûtant, mais puissant.
desc_relic_handOfMidas|Turns stuff into gold, right?||Transforma as coisas em ouro, certo?|Превращает вещи в золото, верно?|把東西變成金子,對吧?|物を金に変える、だろ？|물건을 황금으로 바꿔준다고요?||Elle transforme des trucs en or, pas vrai ?
desc_relic_oversized|Just like your mother.||Assim como sua mãe.|Совсем как твоя мать.|跟你媽一樣|まるでお前の母親のようだ。|당신 어머니 같네요.||Comme ta mère.
desc_relic_fortuneCard|Like a lucky token, keep this in your pocket for good luck.||Como um símbolo da sorte, mantenha-o em seu bolso para ter boa sorte.|Как счастливый жетон, храните это у себя в кармане на удачу.|像個幸運符,把它放在口袋裡帶著帶好運|幸運のお守りのように、ポケットに入れておけ。|행운의 부적처럼, 주머니에 넣고 다니세요.||Comme un porte-bonheur, garde-le dans ta poche pour te porter chance.
desc_relic_deliciousPie|Tastes like heaven.||O sabor é divino.|На вкус как рай.|嘗起來像天堂|天国の味。|천국의 맛.||Un petit goût de paradis.
desc_relic_amazonsSpears|Poisonous Spears!||Lanças venenosas!|Ядовитые копья!|毒矛!|毒の槍！|독이 묻은 창!||Lances empoisonnées !
desc_relic_jungleVial|Contains raw poison!||Contém veneno puro!|Содержит сырой яд!|含有生毒|生の毒を含む！|순도 높은 독이 들어 있어요!||Un concentré de pur poison !
desc_relic_manaDice|Try your luck for mana.||Tente sua sorte para obter mana.|Испытайте свою удачу ради маны.|試試你的運氣以獲得法力|マナを試せ。|마나를 위해 운을 시험해보세요.||Tentez votre chance pour du mana.
desc_relic_wizardsHat|Tap to the wizards manapool.||Toque na reserva de mana dos magos.|Нажмите на панель управления wizards.|點擊進入巫師魔力池|魔法使いのマナプールを叩け。|마법사의 마나풀에 연결하세요.||Tapez dans la réserve de mana des sorciers.
desc_relic_zombiesFace|Spread the disease.||Espalhe a doença.|Распространяйте болезнь.|傳播疾病|病気を広げろ。|질병을 퍼뜨리세요.||Répandez la maladie.
desc_relic_metalDetector|Where is that ore?||Onde está aquele minério?|Где эта руда?|礦石在哪裡?|あの鉱石はどこ？|광석은 어디에?||Où est ce minerai ?
desc_relic_lootARang|It loots, and returns to you.||Ele saqueia e retorna para você.|Он грабит и возвращается к вам.|它會掠奪,然後再回來給你|それは略奪し、戻ってくる。|전리품을 챙기고 돌아옵니다.||Rapporte le butin.
desc_relic_propHuntKit|Minigames!||Minigames!|Мини-игры!|迷你遊戲|ミニゲーム！|미니게임!||Mini-jeux !
desc_relic_doggo|Such rocket, wow.||Que foguete, uau.|Такая ракета, вау.|這樣的火箭,哇.|すごいロケット、わお。|이런 로켓, 정말 와우.||Tel une fusée, waouh.
desc_relic_stevesDirtyHead|Hihheeheh my ass is hairy||Hihheeheh minha bunda é peluda|Хихихехех, у меня волосатая задница|嘿嘿嘿,我的屁股毛茸茸的|ひひへへ、俺の尻毛が濃い。|히히히 내 엉덩이에 털 있어.||J'ai le claqu'-merde qui r'foule
desc_relic_lostWand|Once belonged to a mages apprentice.||Já pertenceu a um aprendiz de mago.|Когда-то принадлежал ученику мага.|曾經屬於一個法師學徒|かつて魔法使いの弟子のものだった。|한때 마법사의 수련생이 사용했었습니다.||Il a appartenu à un apprenti mage.
desc_relic_wizardsMindBomb|Mind = Blown.||Mente = Explodida.|Разум = Взорван.|心智 = 崩潰.|頭が爆発しそう。|정신 = 폭발.||Esprit = soufflé.
desc_relic_newtTail|Don’t worry, it grows back.||Não se preocupe, ela cresce de volta.|Не волнуйся, они отрастут снова.|別擔心,它會重新長出來|心配するな、また生えてくる。|걱정 마세요, 다시 자라요.||Ne vous inquiétez pas, ça repousse.
desc_relic_candyBasket|Share the sweets!||Compartilhe os doces!|Поделись сладостями!|分享糖果|お菓子を分け合おう！|사탕을 나눠요!||Partageons les friandises !
desc_relic_snowball|Snowfight!||Briga de neve!|Снежный бой!|雪仗|雪合戦！|눈싸움!||Combat de boules de neige !
desc_relic_thiefsGlove|A smooth criminal.||Um criminoso ardiloso.|Гладкий преступник.|圓滑的罪犯|スムーズな犯罪者。|매우 교활한 도둑.||Smooth criminal.
desc_relic_shocker3000|Magnificent creation of Science!||Magnífica criação da ciência!|Великолепное творение науки!|科學的偉大創造|科学の素晴らしい創造物！|과학의 찬란한 창조물!||Magnifique création de la science !
desc_relic_flail|Return after use.||Devolver após o uso.|Верните после использования.|使用後歸還|使用後は返却せよ。|사용 후에는 반환하세요.||Retour après utilisation.
desc_relic_soulBox|Soul Collector.||Coletor de almas.|Собиратель душ.|靈魂收藏家|魂の収集者。|영혼 수집가.||Collectionneur d'âmes.
desc_relic_chickenMask|Disguise.||Disfarce.|Маскировка.|偽裝|変装。|변장.||Déguisement.
desc_relic_cursedBook|Book that holds a curse.||Livro que contém uma maldição.|Книга, в которой заключено проклятие.|帶有詛咒的書|呪いを持つ本。|저주가 담긴 책.||Livre qui contient une malédiction.
desc_relic_headExtractor|Decapitator 2000.||Decapitador 2000.|Обезглавливатель 2000.|斬首者2000|デキャピテーター2000。|디카피테이터 2000.||Décapiteur 2000.
desc_relic_bombBoat|Heavy duty bombs.||Bombas para trabalho pesado.|Сверхмощные бомбы.|重型炸彈|頑丈な爆弾。|헤비 듀티 폭탄.||Bombes à usage intensif.
desc_relic_fishNet|Handmade.||Feito à mão.|Ручная работа.|手工製作|手作り。|수제.||Fait main.
desc_relic_bookOfCommand|Powerful book.||Um livro poderoso.|Мощная книга.|強大的書|強力な本。|강력한 책.||Livre puissant.
desc_relic_sucker5000|Magnificent creation of Science!||Magnífica criação da ciência!|Великолепное творение науки!|科學的偉大創造|科学の素晴らしい創造物！|과학의 찬란한 창조물!||Une autre magnifique création de la science !
desc_relic_sucker5000b|Even more magnificent creation of Science!||Criação ainda mais magnífica da ciência!|Еще более великолепное творение Науки!|更偉大的科學創造|さらに素晴らしい科学の創造物！|과학의 더더욱 찬란한 창조물!||Une création encore plus magnifique de la science !
desc_relic_pulser|Destroy nearby cloaking devices!||Destrói dispositivos de camuflagem próximos!||摧毀附近的隱形裝置|近くのステルス装置を破壊しろ！|근처 은신 장비를 파괴하세요!||
||||||||||
[Relic Talents]||||||||||
talent_name_relicRubberDuck|Duck Throw||Arremesso de Pato|Бросок Утки|丟鴨子|ダック投げ|덕 쓰로우||Lancer de canard
talent_name_relicApple|Apple Blast||Explosão de Maçã|Яблочный взрыв|爆炸蘋果|りんご爆発|애플 블래스트||Coup de pomme
talent_name_relicAaronsStaff|Healing Touch||Toque Curativo|Исцеляющее Прикосновение|治癒之觸|回復のタッチ|힐링 터치||Touché de guérison
talent_name_relicBookOfBelial|Satanic Chant||Canto Satânico|Сатанинское Пение|撒旦聖歌|悪魔の呪詛|사탄 챈트||Chant satanique
talent_name_relicScytheOfBlood|Flying Scythe||Foice Voadora|Летящая Коса|飛鐮|飛びかかる大鎌|플라잉 사이쓰||Faucheuse volante
talent_name_relicRainbow|Rainbow Drool||Baba Arco-íris|Радужные Слюни|彩虹口水|虹色のよだれ|레인보우 드룰||Bave arc-en-ciel
talent_name_relicFlySwatter|Memes||Memes|Мемы|迷因|ミーム集|밈즈||Memes
talent_name_relicAngelStaff|Arch Angel’s Fury||Fúria do Arcanjo|Ярость Архангела|大天使之怒|大天使の激怒|아크엔젤 퓨리||Fureur de l'archange
talent_name_relicRocketBarrage|Barrage of Rockets||Barragem de Foguetes|Шквал ракет|火箭彈幕|ロケットの集中砲火|로켓 공격||Barrage de roquettes
talent_name_relicShiv|Flying Shivs||Facas Voadoras|Летающие Заточки|飛刀|飛び回る手裏剣|플라잉 시브즈||Saï volants
talent_name_relicStickmanSteve|Call of Steve||Chamado de Steve|Зов Стива|史蒂夫的呼喚|スティーブの呼び声|콜 오브 스티브||Appel de Steve
talent_name_relicBomb|Regular Bomb||Bomba Regular|Обычная Бомба|普通炸彈|通常爆弾|레귤러 봄||Bombe ordinaire
talent_name_relicMeatHook|Meat Hook||Gancho de Carne|Мясной Крючок|肉鉤|肉のフック|미트 훅||Crochet à viande
talent_name_relicCandyCrusher|Candy Crush||Candy Crush|Раздавить Конфету|糖果粉碎|キャンディクラッシュ|캔디 크러쉬||Broyeur de bonbons
talent_name_relicNinjaHook|Ninja Hooks||Ganchos Ninja|Крючки Ниндзя|忍者鉤子|忍者のフック|닌자 훅||Crochets Ninja
talent_name_relicShadeOfDeath|Shadow Strike||Ataque das Sombras|Теневой удар|陰影打擊|影の一撃|섀도우 스트라이크||Frappe de l'ombre
talent_name_relicDislocatedEye|Crippling Cold||Frio Intenso|Калечащий Холод|嚴寒|体を凍らせる冷気|크리플링 콜드||Froid paralysant
talent_name_relicOrbOfFire|Hydra’s Calling||Chamado da Hidra|Гидра зовет|九頭蛇的呼喚|ヒドラの呼び声|히드라 콜링||Appel d'Hydre
talent_name_relicOrbOfIce|Frost Orb’s Calling||Chamado do Orbe Congelado|Ледяной Шар зовет|冰霜寶珠的呼喚|氷の宝珠の呼び声|프로스트 오브 콜링||Appel d'Orbe de givre
talent_name_relicOrbOfPoison|Toxic Nova’s Calling||Chamado da Nova Tóxica|Токсичная Нова зовет|劇毒新星的呼喚|毒のノヴァの呼び声|톡식 노바 콜링||Appel de Nova toxique
talent_name_relicOrbOfChaos|Calling of Chaos||Chamado do Caos|Призыв Хаоса|混沌的呼唤|混沌の呼び声|카오스 콜링||Appel du Chaos
talent_name_relicBouncy|Bouncing Spikeball||Bola de Espinhos Saltitante|Прыгающий Колючий Мяч|彈跳釘球|跳ねるトゲ玉|바운싱 스파이크볼||Boule de fer rebondissante
talent_name_relicBalalayka|Classic Tunes||Músicas Clássicas|Классические Мелодии|經典曲調|古典的な旋律|클래식 튠즈||Mélodies classiques
talent_name_relicDarts|Flying Darts||Dardos Voadores|Летящие Дротики|飛鏢|飛び矢|플라잉 다트||Fléchettes volantes
talent_name_relicSatansHorn|Satanic Groundsmash||Esmagamento de Solo Satânico|Сатанинский Удар По Земле|撒旦碎地|悪魔の地面破壊|사탄 그라운드스매시||Fracas satanique
talent_name_relicJarOfFlies|Nasty Flies||Moscas Nojentas|Мерзкие Мухи|討厭的蒼蠅|いやらしいハエたち|내스티 플라이즈||Mouche désagréable
talent_name_relicSatansTooth|Molten Toothache||Dor de Dente Fundida|Острая Зубная Боль|熔融牙痛|溶岩の歯痛|몰튼 투스에이크||Mal de dents infernal
talent_name_relicBoomerang|Australian Sport||Esporte Australiano|Австралийский спорт|澳洲體育|オーストラリアンスポーツ|오스트레일리안 스포츠||Sport australien
talent_name_relicSquishy|Suicidal Pig||Porco Suicida|Свинья - самоубийца|自殺豬|自殺的な豚|수이사이달 피크||Cochon suicidaire
talent_name_relicLightCola|Boost of Energy||Impulso de Energia|Заряд энергии|能量提升|力のブースト|에너지 부스트||Boost d'énergie
talent_name_relic1000kg|Heavy Weight||Peso Pesado|Тяжелый Вес|重型|重量級|헤비 웨이트||Poids lourd
talent_name_relicKeyGen|Bluescreen of Death||Tela Azul da Morte|Синий экран смерти|死亡藍頻|死のブルースクリーン|블루스크린 오브 데스||Bluescreen of Death
talent_name_relicDragonsHead|Molten Breath||Hálito Fundido|Расплавленное Дыхание|熔火呼吸|溶岩の吐息|몰튼 브레스||Souffle de fusion
talent_name_relicCasinoDice|Lucky Dice||Dado da Sorte|Счастливые кости|幸運骰子|幸運のサイコロ|럭키 다이스||Dés chanceux
talent_name_relicVajdra|Stormy Javelin||Dardo Tempestuoso|Бурный Дротик|暴風雨標槍|嵐のやり|스토미 자벨린||Javelot orageux
talent_name_relicMaryosPipe|Pipe Diver||Mergulhador de Canos|Водолаз - Трубочист|管道潛水員|パイプダイバー|파이프 다이버||Sondeur de tuyaux
talent_name_relicRottenApple|Mass Hex||Hex em Massa|Массовый Шестнадцатеричный|集體詛咒|大規模呪詛|매스 헥스||Malédiction de masse
talent_name_relicDeliciousPie|So Good||Muito Bom|Так Хорошо|太好了|最高だぜ|쏘 굿||Si bon
talent_name_relicWizardsHat|Manalicious||Manalicioso|Мужественный|美味的法力|マナたっぷり|마날리셔스||Manalicieux
talent_name_relicLootarang|Sticky Boomerang||Bumerangue Grudento|Липкий Бумеранг|粘性迴旋鏢|くっつくブーメラン|스티키 부메랑||Boomerang collant
talent_name_relicPropHunt|Prop Hunting||Caça aos Adereços|Охота за Реквизитом|潛伏狩獵|プロップ狩り|프롭 헌팅||Cache-cache
talent_name_relicDogeRocket|To the MOON||Para a LUA|На ЛУНУ|去月球|月へ向かって|투 더 문||Jusqu'à la LUNE
talent_name_relicHalloweenBasket|Candy Basket||Cesta de Doces|Корзина для Конфет|糖果籃子|キャンディバスケット|캔디 바스켓||Panier de bonbons
talent_name_relicSnowBall|Snowball Throw||Arremesso de Bola de Neve|Бросок Снежка|雪球投擲|雪玉投げ|스노우볼 쓰로우||Lancer de boule de neige
talent_name_relicThievesGlove|Fiddling Glove||Luva da Desonestidade|Перчатка для игры на Скрипке|小提琴手套|手遊び用手袋|피들링 글러브||Gant de bricolage
talent_name_relicShocker|Shocker 9000||Shocker 9000|Шокер 9000|震動器 9000|ショッカー9000|쇼커 9000||Choc 9000
talent_name_relicFlail|Flailstrike||Golpe de Mangual|Удар кистенем|連枷打擊|フレイル攻撃|플레일스트라이크||Frappe au fléau
talent_name_relicSoulBox|Open the Box||Abra a Caixa|Открой Коробку|打開箱子|箱を開けろ|오픈 더 박스||Ouvrir la boîte
talent_name_relicChickenMask|All them Chickens||Todas as Galinhas|Все эти Цыплята|都是雞|みんなの鶏|올 뎀 치킨||Tous les poulets
talent_name_relicCursedBook|Dare to Read?||Ousa ler?|Осмелитесь прочитать?|敢閱讀嗎?|読む勇気はあるか？|데어 투 리드?||Oser lire ?
talent_name_relicSucker|Extract Heads||Extrair Cabeças|Извлекающие Головки|擷取頭部|頭部摘出|익스트랙트 헤즈||Extraire les têtes
talent_name_relicBombBoat|Naval Bomb||Bomba Naval|Морская бомба|海軍炸彈|海軍爆弾|네이벌 밤||Bombe navale
talent_name_relicFishNet|Trap the Fish||Captura o Peixe|Поймайте Рыбу в ловушку|誘魚|魚を罠にかけろ|트랩 더 피쉬||Piège à poissons
talent_name_relicBookOfCommand|Commanding Power||Poder de Comando|Властная Сила|指揮力|指揮の力|커맨딩 파워||Pouvoir de commandement
talent_name_relicSucker5000|Sucking Power||Poder de Sucção|Всасывающая Сила|吸力|吸い取る力|서킹 파워||Pouvoir d'aspiration
talent_name_relicSucker5000b|Empowered Sucking Power||Poder de Sucção Melhorado|Усиленная Сосущая Сила|强大的吸力|強化された吸引力|엠파워드 서킹 파워||Pouvoir d'aspiration renforcé
talent_name_relicDevilHorn|Satanic Replenishment||Reabastecimento Satânico|Сатанинское Пополнение|撒旦補給|悪魔の補給|사탄 리플레니쉬먼트||Réapprovisionnement satanique
talent_name_relicFireAndIce|Frostburn||Queimadura por Frio|Обмороженный|霜燃|凍傷|프로스트번||Engelure
talent_name_relicDeathsScythe|Reaping||Colheita|Жатва|收割|収穫|리핑||Récolte
talent_name_relicCactus|Spiky Plant||Planta Espinhosa|Колючее Растение|尖刺植物|トゲトゲ植物|스파이키 플랜트||Plante épineuse
talent_name_relicAssassinsShuriken|Shruken Strike||Ataque de Shuriken|Удар плечом Вперед|手裏劍打擊|手裏剣攻撃|슈루큰 스트라이크||Frappe soudaine
talent_name_relicRazerHeadSet|Sonar Pulse||Pulso Sonar|Импульс гидролокатора|聲納脈衝|ソナーパルス|소나 펄스||Impulsion sonique
talent_name_relicRazorLeaf|Razor Leaves||Folhas de Barbear|Листья от Бритвы|剃刀葉|かみそりの葉|레이저 리브스||Feuilles de rasoir
talent_name_relicTequila|Drunken Arson||Incêndio Embriagado|Пьяный Поджог|醉酒縱火|酔っぱらいの放火|드렁큰 아손||Ivre
talent_name_relicMightySushi|Tasty Explosion||Explosão Deliciosa|Вкусный Взрыв|美味爆炸|美味しい爆発|테이스티 익스플로전||Explosion savoureuse
talent_name_relicRiceChopsticks|Disarming Strike||Ataque Desarmante |Обезоруживающий удар|解除武裝打擊|武装解除攻撃|디사밍 스트라이크||Frappe de désarmement
talent_name_relicDaPlayer|Rotting Carcas||Carcaça Apodrecida|Гниющие Туши|腐爛的屍體|腐った死体|로팅 카커스||Carcasse pourrie
talent_name_relicWitchClaw|Hexing Strike||Ataque de Hex|Колдовской Удар|詛咒之擊|呪詛攻撃|헥싱 스트라이크||Frappe maudite
talent_name_relicShatteredKatana|Gust of Wind||Rajada de Vento|Порыв ветра|陣風|突風|거스트 오브 윈드||Bourrasque
talent_name_relicLargeBeer|Nausea||Náusea|Тошнота|噁心|吐き気|노지아||Nausée
talent_name_relicNecromancersFinger|Lost Soul||Alma Perdida|Потерянная Душа|迷失的靈魂|失われた魂|로스트 소울||Âme perdue
talent_name_relicLightningBall|Lightning Ball||Bola de Raio|Шар - Молния|閃電球|雷球|라이트닝 볼||Boule de foudre
talent_name_relicEsEnergy|Jonnen Valinta||Jonnen Valinta|Jonnen Valinta|Jonnen的選擇|ヨンネンの選択|요넨 발린타||Jonnen Valinta
talent_name_relicSatansEye|Burning Vision||Visão Flamejante|Горящее Видение|燃燒的幻象|燃える幻視|버닝 비전||Vision brûlante
talent_name_relicHolyGrail|Heaven’s Light||Luz do Céu|Небесный свет|天堂之光|天の光|헤븐 라이트||Lumière du ciel
talent_name_relicWinnersDrug|Dopium!||Fluxo de Mana|Манастрим|毒品!|マナの流れ|마나스트림||Flux de mana|
talent_name_relicLotteryTicket|Lucky Numbers||Números da Sorte|Счастливые Числа|幸運數字|幸運の数字|럭키 넘버즈||Chiffres chanceux
talent_name_relicHandOfMidas|Hand of Midas||Mãos de Midas|Рука Мидаса|米達斯之手|ミダスの手|미다스의 손||Main de Midas
talent_name_relicAmazonsSpears|Poisonous Hit||Acerto Venenoso|Ядовитый Удар|劇毒打擊|毒の一撃|포이즈너 히트||Coup empoisonné
talent_name_relicManaDice|Mana Recovery||Recuperação de Mana|Восстановление маны|法力回復|マナ回復|마나 리커버리||Restauration du mana
talent_name_relicZombiesFace|Disease||Doença|Болезнь|疾病|病気|디지즈||Maladie
talent_name_relicMetalDetector|Node Detection||Detecção de Veio|Обнаружение узла|採集點偵測|ノード検出|노드 디텍션||Détection de veine
talent_name_relicPickledBrain|Aldo’s Rotten Brain||Cérebro Apodrecido de Aldo|Прогнивший Мозг Альдо|Aldo腐爛的大腦|アルドの腐った脳みそ|알도의 썩은 뇌||Cerveau pourri d'Aldo
talent_name_relicDemonSheep|Demon Sheep||Ovelha Demoníaca|Демоническая Овца|惡魔羊|悪魔の羊|데몬 양||Mouton démoniaque
talent_name_relicSkullbat|Skull Bat||Morcego-caveira|Череп Летучей Мыши|骷髏蝙蝠|ドクロコウモリ|해골 박쥐||Crâne de chauve-souris
talent_name_relicShredder|Shredder||Triturador|Измельчитель|碎紙機|シュレッダー|슈레더||Déchiqueteuse
talent_name_relicFetus|F.E.T.U.S.||F.E.T.O|F.E.T.U.S.|F.E.T.U.S.|F.E.T.U.S.|F.E.T.U.S.||F.E.T.U.S.
talent_name_relicTheEye|The Eye||O Olho|Глаз|眼睛|その目|더 아이||l'Oeil
talent_name_relicShrunkenHead|Shrunken Head||Cabeça Encolhida|Сморщенная Голова|縮小頭部|縮んだ頭蓋骨|슈런큰 헤드||Tête de raton laveur
talent_name_relicAncientRock|Ancient Rock||Pedra Antiga|Древняя Скала|古老岩石|古代の岩|에인션트 락||Ancien rocher
talent_name_relicTemplarShield|Templar Shield||Escudo do Templário|Щит Тамплиера|聖殿騎士盾|テンプル騎士の盾|템플러 쉴드||Bouclier des Templiers
talent_name_relicTheAlmightyFedora|The Almighty Fedora||A Poderosa Fedora|Всемогущая Фетровая шляпа|全能軟呢帽|全能のフェドラ帽|올마이티 페도라||Le tout-puissant Fedora
talent_name_relicGuardianAngel|Guardian Angel||Anjo Guardião|Ангел - Хранитель|守護天使|守護天使|가디언 엔젤||Ange gardien
talent_name_relicWarZeppelin|War Zeppelin||Zepelim de Guerra|Военный Дирижабль|戰爭齊柏林飛船|戦闘飛行船|워 제펠린||Zeppelin de guerre
talent_name_relicKarpHead|Karp Head||Cabeça de Carpa|Голова Карпа|卡普頭|コイの頭|카프 헤드||Tête de Carpe
talent_name_relicMinisect|Minisect||Mininseto|Минисект|微型昆蟲|ミニセクト|미니섹트||Minisect
talent_name_relicHoneyBee|Honey Bee||Abelha|Медоносная Пчела|蜜蜂|ミツバチ|꿀벌||Abeille
talent_name_relicStevesDirtyHead|Steves Dirty Head||Cabeça Suja de Steve|Грязная Голова Стива|史蒂夫的髒腦袋|スティーブの汚れた頭|스티브의 더러운 머리||Tête sale de Steve
talent_name_relicDevilSkull|Burst of Rage||Explosão de Raiva|Взрыв ярости|憤怒爆發|怒りの爆発|버스트 오브 레이지||Éclat de rage
talent_name_relicFrozenOrb|Chilling Strike||Ataque Arrepiante|Леденящий Душу Удар|冰冷打擊|冷気の一撃|칠링 스트라이크||Frappe glaciale
talent_name_relicStormDagger|Lightning Strike||Ataque de Raios|Удар молнии|閃電打擊|雷撃|라이트닝 스트라이크||Coup de foudre
talent_name_relicOdinsSword|Divine Scorch||Queimadura Divina|Божественный Ожог|神聖焦灼|神聖な焦熱|디바인 스코치||Brûlure divine
talent_name_relicOgreClub|Me Smash!||Eu Esmago!|Меня разобьют!|我砸扁了!|私が叩く！|미 스매쉬!||Moi frapper !
talent_name_relicBasiliksTooth|Stoned||Empedrado|Обкуренный|石頭|石化|스톤||Pétrifié
talent_name_relicPulser|Gamma Pulse||Pulso Gama||γ 脈衝|ガンマパルス|감마 펄스||
||||||||||
talent_desc_relicRubberDuck|Throw a duck over your head that explodes in small AOE Magic Damage.||Jogue um pato sobre sua cabeça que explode em uma pequena área de Dano Mágico.|Бросьте утку над головой, которая взрывается, нанося небольшой магический урон AOE.|將一隻鴨子扔到你的頭上,它會爆炸並造成小範圍魔法傷害|頭上にアヒルを投げ、小さな範囲の魔法ダメージを与える。|머리 위로 오리를 던져 작은 광역 마법 데미지를 입히며 폭발합니다.||Lancez un canard au-dessus de votre tête qui explose en petits dégâts magiques de zone.
talent_desc_relicApple|Throw an apple in to the air that explodes in to small projectiles around you that deal Magic Damage.||Jogue uma maçã no ar que explode em pequenos projéteis ao seu redor, causando Dano Mágico.|Подбросьте яблоко в воздух, которое разлетится на мелкие снаряды вокруг вас, наносящие магический урон.|將一個蘋果丟到空中,它會在你周圍爆炸成小彈丸,造成魔法傷害|空中にリンゴを投げ、周囲に小さな魔法弾を爆発させる。|공중에 사과를 던져 주변에 작은 투사체로 폭발하며 마법 데미지를 줍니다.||Lance une pomme en l'air qui explose en petits projectiles autour de toi qui infligent des dégâts magiques.
talent_desc_relicAaronsStaff|Heals your self on cast.||Cura a si mesmo ao ser conjurado.|Исцелите себя на гипсе.|施法時治療自己|詠唱すると自身を回復する。|시전 시 자신을 치유합니다.||Vous soigne lors de l'incantation.
talent_desc_relicBookOfBelial|When cast, temporarily boost your Damage.||Quando conjurado, aumenta seu Dano temporariamente.|При наложении заклинания временно увеличьте свой урон.|施放後,暫時提高你的傷害|詠唱すると一時的にダメージを上げる。|시전 시 일시적으로 데미지를 증가시킵니다.||Augmente temporairement vos dégâts à l'utilisation.
talent_desc_relicSwordOfBlood|Throw a spinning scythe dealing AOE damage.||Arremessa uma foice giratória que causa dano em área.||投擲一把旋轉鐮刀,造成範圍傷害|回転する鎌を投げ、範囲ダメージを与える。|회전하는 낫을 던져 광역 데미지를 줍니다.||
talent_desc_relicRainbow|Cast a rainbow beam forward that deals Magic Damage.||Lança um raio de arco-íris que causa Dano Mágico.|Бросьте радужный луч вперед, который наносит магический урон.|向前投射一道彩虹光束,造成魔法傷害|虹色のビームを前方に放ち、魔法ダメージを与える。|무지개 광선을 전방에 발사해 마법 데미지를 줍니다.||Lancez un rayon arc-en-ciel devant vous qui inflige des dégâts magiques.
talent_desc_relicFlySwatter|Cast to read a random meme.||Conjure para ler um meme aleatório.|Разыгрывается для чтения случайного мема.|施放後,隨機閱讀一個迷因|ランダムなミームを表示する。|시전하여 무작위 밈을 읽습니다.||Lancez pour lire un meme au hasard.
talent_desc_relicAngelStaff|Cast to unleash apocalypse on small AOE around you dealing Magic Damage.||Conjure para desencadear o apocalipse em uma pequena área ao seu redor, causando Dano Mágico|Разыгрывайте, чтобы вызвать апокалипсис на небольших AOE вокруг вас, нанося магический урон.|對周圍的小範圍施放天啟,造成魔法傷害.|周囲の小範囲に黙示録を解き放ち、魔法ダメージを与える。|자신 주변의 작은 광역 범위에 종말을 일으켜 마법 데미지를 줍니다.||Lancez pour déchaîner l'apocalypse sur une petite zone autour de vous en infligeant des dégâts magiques.
talent_desc_relicRocketBarrage|Cast to launch 4 rockets towards nearest enemies dealing Damage on impact.||Conjure para lançar 4 foguetes em direção aos inimigos mais próximos, causando Dano no impacto.|Разыгрывается для запуска 4 ракет в сторону ближайших врагов, наносящих урон при попадании.|向最近的敵人發射4枚火箭,撞擊時造成傷害.|近くの敵に向かって4発のロケットを発射し、着弾時にダメージを与える。|가장 가까운 적을 향해 로켓 4발을 발사해 충돌 시 데미지를 줍니다.||Lancez 4 fusées vers les ennemis les plus proches en leur infligeant des dégâts à l'impact.
talent_desc_relicShiv|Cast to throw 4 blades towards target location dealing Damage.||Conjure para lançar 4 lâminas na direção apontada, causando Dano.|Бросок, чтобы бросить 4 клинка в сторону цели, наносящих урон.|向目標位置投擲4個刀片,造成傷害|指定した場所に4枚の刃を投げダメージを与える。|목표 지점에 칼날 4개를 던져 데미지를 줍니다.||Lancez pour projeter 4 lames vers l'endroit ciblé en infligeant des dégâts.
talent_desc_relicStickmanSteve|Cast to summon Stickman Steve to attack nearest enemies dealing Damage.||Conjure para convocar o Stickman Steve para atacar os inimigos mais próximos, causando Dano.|Бросок для вызова Крупье Стива, который атакует ближайших врагов, нанося им урон.|召喚火柴人史蒂夫來攻擊最近的敵人,造成傷害|スティックマン・スティーブを召喚し、近くの敵を攻撃する。|스틱맨 스티브를 소환하여 가까운 적을 공격하게 합니다.||Lancez pour invoquer Stickman Steve et attaquer les ennemis les plus proches en leur infligeant des dégâts.
talent_desc_relicBomb|Cast to leave a bomb behind that explodes in an AOE dealing Damage.||Conjure para deixar uma bomba para trás que explode em área, causando Dano.|Бросок оставляет после себя бомбу, которая взрывается во время AOE, нанося урон.|施放後留下一顆炸彈,在範圍內爆炸,造成傷害|爆弾を置き、範囲内の敵にダメージを与えて爆発する。|폭탄을 남겨 폭발로 광역 데미지를 줍니다.||Lancez pour laisser une bombe derrière vous qui explose en infligeant des dégâts de zone.
talent_desc_relicMeatHook|Cast to hook and pull the nearest enemy closer to you stunning them and dealing Damage.||Conjure para puxar os inimigo mais próximo até você, atordoando-o e causando Dano.|Примените заклинание, чтобы зацепить и притянуть ближайшего врага ближе к себе, оглушая его и нанося урон.|施放以鉤住並將最近的敵人拉近,使他們暈眩並造成傷害|最も近い敵を引き寄せて気絶させ、ダメージを与える。|가장 가까운 적을 갈고리로 끌어당기며 기절시키고 데미지를 줍니다.||Lancez pour attraper et attirer l'ennemi le plus proche vers vous en l'étourdissant et en lui infligeant des dégâts.
talent_desc_relicCandyCrusher|Cast to launch candy around you exploding and dealing Magic Damage.||Conjure para lançar doce em volta de você, explodindo e causando Dano Mágico.|Применяйте заклинание, чтобы запускать вокруг себя взрывающиеся конфеты, наносящие магический урон.|施放在你周圍發射糖果並爆炸並造成魔法傷害|キャンディを周囲にばらまき、爆発して魔法ダメージを与える。|주변에 사탕을 날려 폭발시키며 마법 데미지를 줍니다.||Lancez pour faire exploser les bonbons autour de vous et infliger des dégâts magiques.
talent_desc_relicNinjaHook|Cast to hook and pull 3 closest enemies towards you dealing Damage.||Conjure para puxar em sua direção os 3 inimigos mais próximos de você, causando Dano.|Примените заклинание, чтобы зацепить и притянуть к себе 3 ближайших врага, нанося им урон.|施法以鉤住並拉近3個最近的敵人,造成傷害|3体の敵を引き寄せてダメージを与える。|가장 가까운 적 3명을 갈고리로 끌어당기며 데미지를 줍니다.||Lancez pour attraper et tirer 3 ennemis les plus proches vers vous en leur infligeant des dégâts.
talent_desc_relicShadeOfDeath|Cast to strike enemies around you with power of Death stunning and dealing Magic Damage.||Conjure para acertar inimigos em sua volta com o poder da Morte, atordoando-os e causando Dano Mágico.|Применяйте заклинание, поражающее врагов вокруг вас силой Смерти, оглушающее и наносящее магический урон.|使用死亡之力攻擊周圍的敵人並造成魔法傷害|死の力で周囲の敵を攻撃し、気絶させて魔法ダメージを与える。|죽음의 힘으로 주변 적을 타격해 기절시키고 마법 데미지를 줍니다.||Lancez le sort pour frapper les ennemis autour de vous avec la puissance de la Mort, qui les étourdit et leur inflige des dégâts magiques.
talent_desc_relicDislocatedEye|Cast to strike enemies around you with Crippling Cold freezing and dealing Cold Damage.||Conjure para acertar inimigos em sua volta com o frio congelante, causando Dano de Gelo.|Применяйте заклинание, чтобы поражать окружающих вас врагов сокрушительным замораживанием и наносить урон от холода.|使用致殘寒冷凍結並造成寒冷傷害來攻擊周圍的敵人|凍える冷気で周囲の敵を攻撃し、氷ダメージを与えて凍結させる。|얼리는 냉기로 주변 적을 타격해 냉기 데미지를 줍니다.||Lancez pour frapper les ennemis autour de vous avec Froid mordant qui les gèle et leur inflige des dégâts de froid.
talent_desc_relicOrbOfFire|Cast to summon a fiery hydra that shoots fire at enemies dealing Fire Damage.||Conjure para convocar uma hidra ardente que atira fogo em seus inimigos, causando Dano de Fogo.|Используйте заклинание для вызова огненной гидры, которая стреляет огнем во врагов, нанося урон огнем.|施放召喚一隻熾熱的九頭蛇,向敵人發射火焰,造成火焰傷害|火のヒドラを召喚し、火炎ダメージを与える。|불을 뿜는 히드라를 소환하여 적에게 불 데미지를 줍니다.||Lancez pour invoquer une Hydre qui crache sur les ennemis en leur infligeant des dégâts de feu.
talent_desc_relicOrbOfIce|Cast a Frozen Orb that shoots ice shards while moving towards target location dealing Cold Damage.||Conjura um orbe congelado que atira fragmentos de gelo enquanto move-se na direção-alvo, causando Dano de Gelo.|Бросьте замороженный шар, который стреляет ледяными осколками во время движения к цели, нанося урон холодом.|施放一個冰凍球,在向目標位置移動時發射冰碎片,造成寒冷傷害|凍ったオーブを投げ、氷の破片を放ちながら指定地点に向かう。|이동하며 얼음 파편을 쏘는 프로즌 오브를 목표 지점으로 보냅니다.||Lancez Orbe de glace qui projette des éclats de glace tout en se déplaçant vers la cible et en lui infligeant des dégâts de froid.
talent_desc_relicOrbOfPoison|Cast a poison nova around you dealing Poison Damage and poisoning the enemies.||Conjura uma nova venenosa em volta e você, causando Dano de Veneno e envenenando inimigos.|Разразите вокруг себя ядовитую нову, наносящую урон ядом и отравляющую врагов.|在你周圍施放一顆毒新星,造成中毒傷害並使敵人中毒|周囲に毒のノヴァを放ち、毒ダメージと毒状態を与える。|독의 파동을 일으켜 주변 적에게 독 데미지를 주고 중독시킵니다.||Lancez Nova de poison autour de vous qui inflige des dégâts de poison et empoisonne les ennemis.
talent_desc_relicOrbOfChaos|Cast to explode enemies around you in Chaos dealing Damage.||Conjure para explodir inimigos em volta de você, causando Dano.|Применяйте заклинание, чтобы взрывать врагов вокруг вас в Хаосе, нанося урон.||施放一個混沌球爆炸周圍的敵人,造成傷害|周囲の敵を混沌の力で爆発させダメージを与える。|혼돈의 폭발로 주변 적을 데미지로 폭파시킵니다.||Lancez pour faire exploser les ennemis autour de vous en leur infligeant des dégâts.
talent_desc_relicBouncy|Launch a bouncing spike ball towards target location dealing Damage on impact.||Lança uma bola de espinhos saltitante na direção-alvo, causando Dano no impacto.|Запустите прыгающий шар с шипами в сторону цели, нанося урон при ударе.|向目標位置發射彈跳尖刺球,造成撞擊傷害|跳ねるスパイクボールを指定地点に投げ、着弾でダメージを与える。|튕기는 가시공을 목표 지점으로 던져 충돌 시 데미지를 줍니다.||Lance une boule de pointes rebondissantes vers la cible, infligeant des dégâts à l'impact.
talent_desc_relicBalalayka|Cast to play incredible solo that explodes in small AOE (because it’s so good) and deals Damage.||Conjure para tocar um solo incrível que explode em uma pequena área (porque é bom demais), causando Dano.|Разыгрывается невероятное соло, которое взрывается при небольшом AOE (потому что оно такое хорошее) и наносит урон.|演奏令人難以置信的獨奏,在小範圍內爆炸（因為它太棒了）並造成傷害|圧倒的なソロ演奏を奏で、小範囲に爆発しダメージを与える。|놀라운 솔로 연주를 하여 작은 광역 폭발을 일으키고 데미지를 줍니다.||Lancez pour jouer un solo incroyable qui explose dans une petite zone et inflige des dégâts.
talent_desc_relicDarts|Cast to throw darts in a circle around you dealing Damage on hit.||Conjure para lançar dardos em um círculo a sua volta, causando Dano no impacto.|Бросайте дротики по кругу вокруг себя, нанося урон при попадании.|將飛鏢丟向你周圍一圈,擊中時造成傷害|周囲にダーツを投げ、命中した敵にダメージを与える。|자신을 중심으로 다트를 던져 적중 시 데미지를 줍니다.||Lancez pour projeter des fléchettes en cercle autour de vous, infligeant des dégâts au contact.
talent_desc_relicSatansHorn|Cast to raise spikes around target location dealing Damage.||Conjure para levantar espinhos em volta do local-alvo, causando Dano.|Бросьте, чтобы поднять шипы вокруг целевого местоположения, наносящие урон.|以在目標位置周圍引發尖刺,造成傷害|指定地点にトゲを発生させダメージを与える。|목표 지점에 가시를 솟구치게 하여 데미지를 줍니다.||Lancer pour faire surgir des pointes autour de la cible et lui infliger des dégâts.
talent_desc_relicJarOfFlies|Cast to release a fly from the jar to your close proximity dealing Damage on hit.||Conjure para criar espinhos ao redor do local-alvo, causando Dano.|Примените заклинание, чтобы выпустить муху из банки в непосредственной близости от вас, нанося урон при попадании.|將一隻蒼蠅從罐子裡釋放到你附近,擊中時造成傷害|瓶からハエを放ち、近くの敵にダメージを与える。|병 속의 파리를 풀어 근처에서 적중 시 데미지를 줍니다.||Lancez pour libérer une mouche proche de vous, infligeant des dégâts en cas de contact.
talent_desc_relicSatansTooth|Cast to set enemies around you in flames for a short period dealing Fire Damage.||Conjure para tacar fogo em inimigos em sua volta por um curto período de tempo, causando Dano de Fogo.|Применяйте заклинание, чтобы на короткое время поджечь окружающих вас врагов, нанося им урон от огня.|讓你周圍的敵人短時間內陷入火焰,造成火焰傷害|周囲の敵を短時間炎上させ、火ダメージを与える。|주변 적에게 불을 붙여 일정 시간 동안 불 데미지를 줍니다.||Lancez pour enflammer les ennemis autour de vous pendant une courte période en leur infligeant des dégâts de feu.
talent_desc_relicBoomerang|Cast to throw a boomerang in towards target location dealing Damage on hit.||Conjure para arremessar um bumerangue na direção-alvo, causando Dano.|Бросок, чтобы бросить бумеранг в сторону цели, наносящий урон при попадании.|向目標位置投擲迴力鏢,擊中時造成傷害|ブーメランを指定地点に投げ、命中した敵にダメージを与える。|부메랑을 목표 지점으로 던져 적중 시 데미지를 줍니다.||Lancez un boomerang en direction de l'endroit ciblé en infligeant des dégâts au toucher.
talent_desc_relicSquishy|Cast to summon Squishy the Suicidal Pig to run towards nearest enemy and drop a stone on itself dealing Damage.||Conjure para convocar Squishy, o Porco Suicida para correr em direção ao inimigo mais próximo e jogar uma pedra sobre si mesmo, causando Dano.|Бросок для вызова Сквиши, Свиньи-самоубийцы, которая бежит к ближайшему врагу и бросает в себя камень, наносящий урон.|召喚自殺豬Squishy跑向最近的敵人,並向其自身扔下一塊石頭,造成傷害|自殺願望のブタ「スクイッシー」を召喚し、最も近い敵に向かって走り石を落としてダメージを与える。|자살 돼지 스퀴시를 소환하여 가장 가까운 적에게 돌을 떨어뜨려 데미지를 줍니다.||Lancer pour invoquer Squishy le cochon suicidaire qui court vers l'ennemi le plus proche et laisse tomber une pierre sur lui-même en infligeant des dégâts.
talent_desc_relicLightCola|Cast to drink cola that increases your Movement Speed for short period.||Conjure para beber cola que aumenta sua Velocidade de Movimento por um curto período de tempo.|Бросьте пить колу, которая на короткое время увеличивает вашу скорость передвижения.|喝可樂可以短時間內提高你的移動速度|コーラを飲み、一時的に移動速度を上げる。|콜라를 마셔 일시적으로 이동 속도를 증가시킵니다.||Lancer pour boire du cola qui augmente votre vitesse de marche/course pendant une courte période.
talent_desc_relic1000kg|Cast to drop a 1000kg weight on target location dealing Damage.||Conjure para jogar um peso de 1000kg no local-alvo, causando Dano.|Бросок для сброса веса 1000 кг на целевое местоположение, наносящего урон.|將1000公斤的重物丟到目標位置造成傷害|1000kgの重りを指定地点に落としダメージを与える。|목표 지점에 1000kg의 무게를 떨어뜨려 데미지를 줍니다.||Lancez pour faire tomber un poids de 1000 kg sur l'endroit ciblé, ce qui inflige des dégâts.
talent_desc_relicKeyGen|Stun and deal Damage to literally everything on the screen.||Atordoe e dê Dano a literalmente tudo na tela.|Оглушайте и наносите урон буквально всему на экране.|對螢幕上的幾乎所有東西造成眩暈和傷害|画面内のすべての敵を気絶させダメージを与える。|화면 전체의 모든 것에게 기절과 데미지를 줍니다.||Paralyser et infliger des dégâts à tout ce qui se trouve à l'écran.
talent_desc_relicDragonsHead|Cast to breath fire towards target location dealing Fire Damage.||Conjure para assoprar fogo na direção-alvo, causando Dano de Fogo.|Разыгрывается, чтобы выдыхать огонь в направлении цели, нанося урон от огня.|向目標位置噴火,造成火焰傷害|指定地点に向かって火を吐き、火ダメージを与える。|목표 지점으로 불을 내뿜어 불 데미지를 줍니다.||Lancez pour souffler du feu vers l'endroit ciblé en infligeant des dégâts de feu.
talent_desc_relicCasinoDice|Cast to drop a Casino Dice on target location exploding and dealing Damage.||Conjure para jogar um Dado de Cassino no local-alvo, explodindo e causando Dano.|Бросьте, чтобы бросить кости казино в целевое местоположение, взрывающиеся и наносящие урон.|將賭場骰子丟到目標位置爆炸並造成傷害|カジノのサイコロを指定地点に落とし、爆発してダメージを与える。|목표 지점에 카지노 주사위를 떨어뜨려 폭발시키고 데미지를 줍니다.||Lancez un dé de casino sur la cible, qui explose et inflige des dégâts.
talent_desc_relicVajdra|Cast to throw a storm javelin towards target location that casts chain lightning dealing Lightning Damage.||Conjure para arremessar um dardo na direção alvo que conjura uma cadeia de raios, causando Dano de Raios.|Бросок, чтобы бросить штормовое копье в сторону цели, которое бросает цепную молнию, наносящую урон от молнии.|向目標位置投擲風暴標槍.施放連鎖閃電.造成閃電傷害|稲妻を帯びた槍を指定地点に投げ、チェインライトニングを発動する。|목표 지점에 폭풍 투창을 던져 연쇄 번개를 일으키며 번개 데미지를 줍니다.||Lancez un javelot d'orage vers la cible qui projette des éclairs en chaîne infligeant des dégâts de foudre.
talent_desc_relicMaryosPipe|Cast to teleport a short distance to target location.||Conjure para teletransportar em uma curta distância até o local-alvo.|Используйте заклинание для телепортации на короткое расстояние к месту назначения.|傳送一小段距離到目標位置|指定地点へ短距離テレポートする。|짧은 거리로 목표 지점에 순간이동합니다.||Lancez pour vous téléporter sur une courte distance jusqu'à l'endroit ciblé.
talent_desc_relicRottenApple|Cast to quickly poison all targets around you dealing Poison Damage.||Conjure para envenenar rapidamente todos os alvos em volta de você, causando Dano de Veneno.|Применяйте заклинание, чтобы быстро отравить все цели вокруг вас, нанося урон ядом.|快速毒害你周圍的所有目標|周囲のすべての敵に毒を素早く付与し、毒ダメージを与える。|주변의 모든 적을 빠르게 중독시켜 독 데미지를 줍니다.||Lancez pour empoisonner rapidement toutes les cibles autour de vous en leur infligeant des dégâts de poison.
talent_desc_relicDeliciousPie|Cast to summon a pie on the ground that explodes after some time dealing Damage.||Conjure para convocar uma torta no chão que explode após um tempo, causando Dano.|Бросьте вызов пирогу на земле, который через некоторое время взрывается, нанося урон.|在地上召喚一個餡餅,在一段時間後爆炸,造成傷害|地面にパイを召喚し、時間経過で爆発しダメージを与える。|일정 시간 후 폭발하는 파이를 땅에 소환하여 데미지를 줍니다.||Lancer pour invoquer une tarte sur le sol qui explose au bout d'un certain temps en infligeant des dégâts.
talent_desc_relicWizardsHat|Cast to instantly restore some Mana.||Conjure para recuperar um pouco de Mana instantaneamente.|Примените заклинание, чтобы мгновенно восстановить часть маны.|立即恢復一些法力|瞬時にマナを回復する。|즉시 마나를 일부 회복합니다.||Lancez pour restaurer instantanément un peu de mana.
talent_desc_relicLootarang|I argue that this talent does not exist.||I argue that this talent does not exist.|Я утверждаю, что такого таланта не существует.|我認為這個技能不存在|このタレントは存在しないと主張する。|이 특성은 존재하지 않는다고 주장합니다.||Je suis certain que ce talent n'existe pas.
talent_desc_relicPropHunt|I argue that this talent does not exist.||I argue that this talent does not exist.|Я утверждаю, что такого таланта не существует.|我認為這個技能不存在|このタレントは存在しないと主張する。|이 특성은 존재하지 않는다고 주장합니다.||Je suis certain que ce talent n'existe pas.
talent_desc_relicDogeRocket|Cast on target location to summon a Doge rocket that flies off and collides with the moon which causes moon fragments to rain back down dealing Damage. Much Wow.||Conjure no local-alvo para convocar um Foguete de Doge que decola e colide com a lua, fazendo com que chovam fragmentos da lua, causando Dano. Muito uau.|"Примените заклинание в целевом местоположении, чтобы вызвать ракету ""Дож"", которая улетает и сталкивается с Луной, из-за чего осколки луны дождем падают обратно, нанося урон. Ничего себе."|在目標位置施放,召喚一枚Doge火箭,火箭飛出並與月球相撞,導致月球碎片如雨般落下,造成傷害|指定地点にドージロケットを召喚し、月に衝突して月の欠片が降り注ぎダメージを与える。とてもすごい。|목표 지점에 도지 로켓을 소환하여 달에 충돌하게 하고, 달 파편이 떨어져 데미지를 줍니다. 매우 멋짐.||Lancez à l'endroit ciblé pour invoquer une fusée Doggo qui s'envole et entre en collision avec la lune, ce qui provoque une pluie de fragments de lune infligeant des dégâts. Encore plus de Waouh.
talent_desc_relicHalloweenBasket|Cast to summon a candy basket on target location that explodes after some time launching candy in air that deal Damage.||Conjure para convocar uma cesta de doces no local-alvo que explode após um tempo, arremessando doces no ar causando Dano.|Применяйте заклинание для вызова корзины со сладостями на заданном месте, которая через некоторое время взрывается, подбрасывая в воздух конфеты, наносящие урон.|在目標位置召喚一個糖果籃,在一段時間後爆炸,將糖果發射到空中,造成傷害|指定地点にキャンディバスケットを召喚し、時間経過で爆発、キャンディが舞い上がりダメージを与える。|목표 지점에 일정 시간 후 폭발하는 사탕 바구니를 소환하고, 공중에 사탕을 날려 데미지를 줍니다.||Lancez pour invoquer un panier de bonbons à l'endroit ciblé qui explose après un certain temps en lançant des bonbons en l'air qui infligent des dégâts.
talent_desc_relicSnowBall|Cast to throw a snowball in target direction dealing Cold Damage.||Conjure para arremessar uma bola de neve na direção-alvo, causando Dano de Gelo.|Бросок, чтобы бросить снежок в направлении цели, наносящий урон холодом.|向目標方向投擲雪球,造成冰冷傷害|指定方向に雪玉を投げ、氷ダメージを与える。|목표 방향으로 눈덩이를 던져 냉기 데미지를 줍니다.||Lancez une boule de neige dans la direction de la cible en infligeant des dégâts de froid.
talent_desc_relicThievesGlove|Cast to launch a glove towards the nearest target stealing their wallet.||Conjure para lançar uma luva em direção ao inimigo mais próximo, roubando sua carteira.|Бросьте перчатку в ближайшую цель, чтобы украсть ее кошелек.|向最近的目標發射手套,偷走他們的錢包|近くの敵に向かってグローブを投げ、財布を盗む。|가장 가까운 적에게 장갑을 던져 지갑을 훔칩니다.||Lance un gant vers la cible la plus proche pour lui voler son portefeuille.
talent_desc_relicShocker|Cast to launch an electric charge towards target location socking the enemy.||Conjure para lançar uma carga elétrica em direção ao local-alvo, eletrocutando o inimigo.|Бросок для запуска электрического заряда в направлении цели, поражающего противника.|向目標位置發射電荷,攻擊敵人|指定地点に電撃を放ち、敵を感電させる。|목표 지점으로 전기 충격을 날려 적을 감전시킵니다.||Lancer pour lancer une charge électrique en direction de l'endroit ciblé, ce qui a pour effet d'étourdir l'ennemi.
talent_desc_relicFlail|Cast to start spinning a flail dealing Damage to enemies hit.||Conjure para rodar um mangual, causando Dano a inimigos atingidos.|Бросьте, чтобы начать вращать цеп, нанося урон пораженным врагам.|開始旋轉連枷,對擊中的敵人造成傷害|メイスを回転させ、命中した敵にダメージを与える。|철퇴를 휘두르기 시작하여 적중한 적에게 데미지를 줍니다.||Lancer pour faire tourner un fléau qui inflige des dégâts aux ennemis touchés.
talent_desc_relicSoulBox|Cast to drop a soul box on the ground for a short period.||Conjure para jogar uma caixa de almas no chão por um curto período de tempo.|Бросьте, чтобы на короткое время уронить шкатулку с душой на землю.|將靈魂盒短時間掉落在地上|地面に魂の箱を設置し、一定時間持続する。|일정 시간 동안 땅에 영혼 상자를 설치합니다.||Lancer pour laisser tomber une boîte d'âme sur le sol pendant une courte période.
talent_desc_relicChickenMask|Cast to equip a chicken mask on Death.||Conjure para equipar a máscara de galinha na Morte.|Разыгрывайте, чтобы надеть маску цыпленка на Смерть.|死亡時裝備雞面具|死神にニワトリの仮面を装着させる。|사망 시 닭 가면을 착용합니다.||Lancer pour équiper la Mort d'un masque de poulet.
talent_desc_relicCursedBook|Holds a curse against Anubis.. Use with caution.||Carrega uma maldição contra Anubis.. Use com cuidado.||對阿努比斯有詛咒..謹慎使用|アヌビスへの呪いを持つ。注意して使うこと。|아누비스에 대한 저주가 담겨 있습니다… 주의해서 사용하세요.||
talent_desc_relicSucker|I argue that this talent does not exist.||I argue that this talent does not exist.|Я утверждаю, что такого таланта не существует.|我認為這個技能不存在|このタレントは存在しないと主張する。|이 특성은 존재하지 않는다고 주장합니다.||Je suis certain que ce talent n'existe pas.
talent_desc_relicBombBoat|Cast to shoot a cannonball towards the ships on the coast.||Conjure para atirar uma bola de canhão em direção aos navios no litoral.|Бросьте, чтобы выстрелить пушечным ядром в сторону кораблей на побережье.|向海岸上的船隻發射砲彈|海岸の船に向かって大砲の弾を撃つ。|해안에 있는 배를 향해 대포알을 발사합니다.||Lancer un boulet de canon vers les navires sur la côte.
talent_desc_relicFishNet|Cast to throw a net on the ground that catches fish.||Conjure para arremessar uma rede no chão que captura peixes.|Заброс для того, чтобы бросить на землю сеть, в которую ловится рыба.|在地上撒網捕魚|地面に網を投げ、魚を捕まえる。|바닥에 그물을 던져 물고기를 잡습니다.||Lancer un filet sur le sol qui attrape les poissons.
talent_desc_relicBookOfCommand|Shuts down any nearby portals..||Fecha todos os portais próximos.||關閉任何附近的傳送門|近くのポータルをすべて閉じる。|근처의 포탈을 모두 비활성화합니다.||
talent_desc_relicSucker5000|Cast to suck in enemies.||Conjure para aspirar inimigos.|Разыгрывается для поглощения врагов.|吸入敵人|敵を吸い込む。|적을 끌어당깁니다.||Lancer pour aspirer les ennemis.
talent_desc_relicSucker5000b|Cast to suck in black holes.||Conjure para aspirar buracos negros.|Бросок, чтобы засасывать в черные дыры.|吸入黑洞|ブラックホールを吸い込む。|블랙홀을 끌어당깁니다.||Lancer pour aspirer les trous noirs.
talent_desc_relicDevilHorn|Gain increased Life Replenish for a short period!||Ganhe Recuperação de Vida aumentada por um curto período!|Сатанинское Пополнение делает это|短時間內獲得更多的生命回復|一時的にライフ回復量を増加させる。|일시적으로 생명 회복 속도를 증가시킵니다!||Provoque Réalimentation satanique
talent_desc_relicFrozenOrb|Perform a chilling AOE strike dealing extra damage and freezing enemies.||Executa um ataque em área arrepiante, causando dano extra e congelando os inimigos.||進行令人不寒而慄的範圍攻擊，造成額外傷害並凍結敵人|冷気の範囲攻撃で敵を凍結させ追加ダメージを与える。|차가운 광역 타격을 가하여 추가 데미지를 주고 적을 얼립니다.||
talent_desc_relicStormDagger|Perform a charged attack striking enemies with thunder bolts.||Execute um ataque carregado, atingindo os inimigos com raios.||用雷電攻擊敵人蓄力攻擊|チャージ攻撃で雷撃を放つ。|충전된 공격으로 적을 번개로 타격합니다.||
talent_desc_relicOdinsSword|Perform a fiery attack setting enemies on fire.||Execute um ataque ardente que incendeia os inimigos.||進行猛烈攻擊,使敵人著火|火の攻撃で敵を炎上させる。|불타는 공격으로 적에게 불을 붙입니다.||
talent_desc_relicDevilSkull|||||||||
talent_desc_relicOgreClub|||||||||
talent_desc_relicBasiliksTooth|||||||||
talent_desc_relicFireAndIce|||||||||
talent_desc_relicDeathsScythe|||||||||
talent_desc_relicCactus|||||||||
talent_desc_relicAssassinsShuriken|||||||||
talent_desc_relicRazerHeadSet|||||||||
talent_desc_relicRazorLeaf|||||||||
talent_desc_relicTequila|||||||||
talent_desc_relicMightySushi|||||||||
talent_desc_relicRiceChopsticks|||||||||
talent_desc_relicDaPlayer|||||||||
talent_desc_relicWitchClaw|||||||||
talent_desc_relicShatteredKatana|||||||||
talent_desc_relicLargeBeer|||||||||
talent_desc_relicMagnet|||||||||
talent_desc_relicNecromancersFinger|||||||||
talent_desc_relicLightningBall|||||||||
talent_desc_relicEsEnergy|||||||||
talent_desc_relicSatansEye|||||||||
talent_desc_relicHolyGrail|||||||||
talent_desc_relicWinnersDrug|Chance on cast to increase your magic skill damage and faster cast rate for a short duration.||||施法時有機率在短時間內增加你的魔法技能傷害和更快的施法速度。|||||
talent_desc_relicLotteryTicket|||||||||
talent_desc_relicHandOfMidas|||||||||
talent_desc_relicAmazonsSpears|||||||||
talent_desc_relicManaDice|Chance on cast to replenish a portion of your maximum mana.||||施法時有機率補充最大法力值的一部分。|||||
talent_desc_relicZombiesFace|||||||||
talent_desc_relicMetalDetector|||||||||
talent_desc_relicPickledBrain|||||||||
talent_desc_relicDemonSheep|||||||||
talent_desc_relicSkullbat|||||||||
talent_desc_relicShredder|||||||||
talent_desc_relicFetus|||||||||
talent_desc_relicTheEye|||||||||
talent_desc_relicShrunkenHead|||||||||
talent_desc_relicAncientRock|||||||||
talent_desc_relicTemplarShield|||||||||
talent_desc_relicTheAllmightyFedora|||||||||
talent_desc_relicGuardianAngel|||||||||
talent_desc_relicWarZeppelin|||||||||
talent_desc_relicKarpHead|||||||||
talent_desc_relicMinisect|||||||||
talent_desc_relicHoneyBee|||||||||
talent_desc_relicStevesDirtyHead|||||||||
talent_desc_relicScytheOfBlood|||||||||
talent_desc_relicPulser|Send a wave of radiation that destroys nearby cloaking devices.||Envie uma onda de radiação que destrói dispositivos de camuflagem próximos.||發射一波輻射波，摧毀附近的隱形裝置|近くのステルス装置を破壊する放射線の波を放つ。|근처의 은폐 장치를 파괴하는 방사능 파동을 발산합니다. ||
